keyword_id,ad_group_id,campaign_id,customer_id,keyword_text,match_type,status,quality_score,creative_quality_score,landing_page_quality_score,search_predicted_ctr,cpc_bid_micros,first_page_cpc_micros,first_position_cpc_micros,top_of_page_cpc_micros,approval_status,system_serving_status,is_negative,bid_modifier,created_at
6265362093_183978226496_303435809013,183978226496,22837421944,6265362093,whatsapp api,EXACT,ENABLED,5.0,ABOVE_AVERAGE,BELOW_AVERAGE,AVERAGE,,,,,APPROVED,ELIGIBLE,0,,2025-09-15 16:54:26
6265362093_183978226496_921494612,183978226496,22837421944,6265362093,wati,EXACT,PAUSED,3.0,ABOVE_AVERAGE,BELOW_AVERAGE,BELOW_AVERAGE,,,,,APPROVED,ELIGIBLE,0,,2025-09-15 16:54:26
6265362093_183978226496_328750895705,183978226496,22837421944,6265362093,whatsapp business api,EXACT,PAUSED,7.0,ABOVE_AVERAGE,BELOW_AVERAGE,ABOVE_AVERAGE,,,,,APPROVED,ELIGIBLE,0,,2025-09-15 16:54:26
6265362093_183978226496_334216643898,183978226496,22837421944,6265362093,whatsapp broadcast,EXACT,PAUSED,5.0,ABOVE_AVERAGE,BELOW_AVERAGE,AVERAGE,,,,,APPROVED,ELIGIBLE,0,,2025-09-15 16:54:26
6265362093_183978226496_901647027798,183978226496,22837421944,6265362093,sending broadcast on whatsapp,EXACT,ENABLED,,,,,,,,,APPROVED,ELIGIBLE,0,,2025-09-15 16:54:26
6265362093_183978226496_459058364869,183978226496,22837421944,6265362093,whatsapp api chatbot,EXACT,PAUSED,,,,,,,,,APPROVED,ELIGIBLE,0,,2025-09-15 16:54:26
6265362093_183978226496_367799791091,183978226496,22837421944,6265362093,whatsapp api integration,EXACT,PAUSED,7.0,ABOVE_AVERAGE,BELOW_AVERAGE,ABOVE_AVERAGE,,,,,APPROVED,ELIGIBLE,0,,2025-09-15 16:54:26
6265362093_183978226496_446000102824,183978226496,22837421944,6265362093,whatsapp api bot,EXACT,ENABLED,,,,,,,,,APPROVED,ELIGIBLE,0,,2025-09-15 16:54:26
6265362093_183978226496_1023377950051,183978226496,22837421944,6265362093,wati whatsapp,EXACT,PAUSED,5.0,ABOVE_AVERAGE,BELOW_AVERAGE,AVERAGE,,,,,APPROVED,ELIGIBLE,0,,2025-09-15 16:54:26
6265362093_183978226496_1015247205832,183978226496,22837421944,6265362093,whatsapp api for sending messages,EXACT,PAUSED,,,,,,,,,APPROVED,ELIGIBLE,0,,2025-09-15 16:54:26
6265362093_183978226496_332324671903,183978226496,22837421944,6265362093,whatsapp chatbot api,EXACT,PAUSED,,,,,,,,,APPROVED,ELIGIBLE,0,,2025-09-15 16:54:26
6265362093_183978226496_1642299685898,183978226496,22837421944,6265362093,whatsapp api wati,EXACT,PAUSED,,,,,,,,,APPROVED,ELIGIBLE,0,,2025-09-15 16:54:26
6265362093_183978226496_776064974776,183978226496,22837421944,6265362093,whatsapp broadcast for business,EXACT,ENABLED,,,,,,,,,APPROVED,ELIGIBLE,0,,2025-09-15 16:54:26
6265362093_183978226496_522894111103,183978226496,22837421944,6265362093,gupshup whatsapp api,EXACT,PAUSED,7.0,ABOVE_AVERAGE,BELOW_AVERAGE,ABOVE_AVERAGE,,,,,APPROVED,ELIGIBLE,0,,2025-09-15 16:54:26
6265362093_183978226496_850918796821,183978226496,22837421944,6265362093,whatsapp business broadcast,EXACT,ENABLED,2.0,AVERAGE,BELOW_AVERAGE,BELOW_AVERAGE,,,,,APPROVED,ELIGIBLE,0,,2025-09-15 16:54:26
6265362093_183978226496_394455799093,183978226496,22837421944,6265362093,whatsapp api to send messages,EXACT,PAUSED,7.0,ABOVE_AVERAGE,BELOW_AVERAGE,ABOVE_AVERAGE,,,,,APPROVED,ELIGIBLE,0,,2025-09-15 16:54:26
6265362093_183978226496_535870079252,183978226496,22837421944,6265362093,whatsapp business bot,EXACT,PAUSED,5.0,ABOVE_AVERAGE,BELOW_AVERAGE,AVERAGE,,,,,APPROVED,ELIGIBLE,0,,2025-09-15 16:54:26
6265362093_183978226496_1302666630612,183978226496,22837421944,6265362093,interakt whatsapp api,EXACT,PAUSED,5.0,ABOVE_AVERAGE,AVERAGE,BELOW_AVERAGE,,,,,APPROVED,ELIGIBLE,0,,2025-09-15 16:54:26
6265362093_183978226496_378087630219,183978226496,22837421944,6265362093,whatsapp business integration,EXACT,PAUSED,4.0,AVERAGE,BELOW_AVERAGE,AVERAGE,,,,,APPROVED,ELIGIBLE,0,,2025-09-15 16:54:26
6265362093_183978226496_617755096312,183978226496,22837421944,6265362093,send whatsapp message via api,EXACT,PAUSED,3.0,ABOVE_AVERAGE,BELOW_AVERAGE,BELOW_AVERAGE,,,,,APPROVED,ELIGIBLE,0,,2025-09-15 16:54:26
6265362093_183978226496_1678475796208,183978226496,22837421944,6265362093,whatsapp business account waba,EXACT,PAUSED,7.0,ABOVE_AVERAGE,BELOW_AVERAGE,ABOVE_AVERAGE,,,,,APPROVED,ELIGIBLE,0,,2025-09-15 16:54:26
6265362093_183978226496_344700131951,183978226496,22837421944,6265362093,whatsapp marketing api,EXACT,PAUSED,,,,,,,,,APPROVED,ELIGIBLE,0,,2025-09-15 16:54:26
6265362093_183978226496_890320452950,183978226496,22837421944,6265362093,gupshup chatbot,EXACT,PAUSED,,,,,,,,,APPROVED,ELIGIBLE,0,,2025-09-15 16:54:26
6265362093_183978226496_1158371319330,183978226496,22837421944,6265362093,whatsapp api shopify,EXACT,PAUSED,,,,,,,,,APPROVED,ELIGIBLE,0,,2025-09-15 16:54:26
6265362093_183978226496_1683832502773,183978226496,22837421944,6265362093,whatsapp business platform api,EXACT,PAUSED,,,,,,,,,APPROVED,ELIGIBLE,0,,2025-09-15 16:54:26
6265362093_184604275324_307147016619,184604275324,22837421944,6265362093,whatsapp api,PHRASE,ENABLED,,,,,,,,,APPROVED,ELIGIBLE,0,,2025-09-15 16:54:26
6265362093_184604275324_341697873039,184604275324,22837421944,6265362093,whatsapp api integration,PHRASE,ENABLED,,,,,,,,,APPROVED,ELIGIBLE,0,,2025-09-15 16:54:26
6265362093_184604275324_369750161985,184604275324,22837421944,6265362093,whatsapp business api,PHRASE,ENABLED,,,,,,,,,APPROVED,ELIGIBLE,0,,2025-09-15 16:54:26
6265362093_184604275324_377442763582,184604275324,22837421944,6265362093,whatsapp business integration,PHRASE,ENABLED,,,,,,,,,APPROVED,ELIGIBLE,0,,2025-09-15 16:54:26
6265362093_184604275324_395899341731,184604275324,22837421944,6265362093,whatsapp message api,PHRASE,ENABLED,,,,,,,,,APPROVED,ELIGIBLE,0,,2025-09-15 16:54:26
6265362093_184604275324_397724559515,184604275324,22837421944,6265362093,whatsapp bot api,PHRASE,ENABLED,,,,,,,,,APPROVED,ELIGIBLE,0,,2025-09-15 16:54:26
6265362093_184604275324_402107391515,184604275324,22837421944,6265362093,whatsapp chatbot api,PHRASE,ENABLED,,,,,,,,,APPROVED,ELIGIBLE,0,,2025-09-15 16:54:26
6265362093_184604275324_435260751103,184604275324,22837421944,6265362093,business whatsapp api,PHRASE,ENABLED,,,,,,,,,APPROVED,ELIGIBLE,0,,2025-09-15 16:54:26
6265362093_184604275324_435560749336,184604275324,22837421944,6265362093,whatsapp for business pricing,PHRASE,ENABLED,,,,,,,,,APPROVED,ELIGIBLE,0,,2025-09-15 16:54:26
6265362093_184604275324_437913834138,184604275324,22837421944,6265362093,whatsapp api pricing,PHRASE,ENABLED,,,,,,,,,APPROVED,ELIGIBLE,0,,2025-09-15 16:54:26
6265362093_184604275324_440861069204,184604275324,22837421944,6265362093,api whatsapp business,PHRASE,ENABLED,,,,,,,,,APPROVED,ELIGIBLE,0,,2025-09-15 16:54:26
6265362093_184604275324_578465764221,184604275324,22837421944,6265362093,whatsapp business pricing,PHRASE,ENABLED,,,,,,,,,APPROVED,ELIGIBLE,0,,2025-09-15 16:54:26
6265362093_184604275324_603544686952,184604275324,22837421944,6265362093,whatsapp business bot,PHRASE,ENABLED,,,,,,,,,APPROVED,ELIGIBLE,0,,2025-09-15 16:54:26
6265362093_184604275324_613175924155,184604275324,22837421944,6265362093,whatsapp cloud api,PHRASE,ENABLED,,,,,,,,,APPROVED,ELIGIBLE,0,,2025-09-15 16:54:26
6265362093_184604275324_778919985553,184604275324,22837421944,6265362093,whatsapp business api pricing,PHRASE,ENABLED,,,,,,,,,APPROVED,ELIGIBLE,0,,2025-09-15 16:54:26
6265362093_184604275324_918990142292,184604275324,22837421944,6265362093,whatsapp business api account,PHRASE,ENABLED,,,,,,,,,APPROVED,ELIGIBLE,0,,2025-09-15 16:54:26
6265362093_184604275324_1325261459477,184604275324,22837421944,6265362093,wati whatsapp api,PHRASE,ENABLED,,,,,,,,,APPROVED,ELIGIBLE,0,,2025-09-15 16:54:26
6265362093_184604275324_1677451380946,184604275324,22837421944,6265362093,whatsapp cloud api pricing,PHRASE,ENABLED,,,,,,,,,APPROVED,ELIGIBLE,0,,2025-09-15 16:54:26
5032737756_119197858212_10042411,119197858212,11728422842,5032737756,unique gifts,BROAD,ENABLED,,,,,,,,,APPROVED,ELIGIBLE,0,,2025-09-15 16:54:30
5032737756_119197858212_10042451,119197858212,11728422842,5032737756,gifts for men,BROAD,ENABLED,,,,,,,,,APPROVED,ELIGIBLE,0,,2025-09-15 16:54:30
5032737756_119197858212_10042461,119197858212,11728422842,5032737756,holiday gifts,BROAD,ENABLED,,,,,,,,,APPROVED,ELIGIBLE,0,,2025-09-15 16:54:30
5032737756_119197858212_10359807,119197858212,11728422842,5032737756,personalized business gift,BROAD,ENABLED,,,,,,,,,APPROVED,ELIGIBLE,0,,2025-09-15 16:54:30
5032737756_119197858212_10360257,119197858212,11728422842,5032737756,personalized gift items,BROAD,ENABLED,,,,,,,,,APPROVED,ELIGIBLE,0,,2025-09-15 16:54:30
5032737756_119197858212_10513991,119197858212,11728422842,5032737756,gift ideas,BROAD,ENABLED,,,,,,,,,APPROVED,ELIGIBLE,0,,2025-09-15 16:54:30
5032737756_119197858212_10616181,119197858212,11728422842,5032737756,christmas gift,BROAD,ENABLED,,,,,,,,,APPROVED,ELIGIBLE,0,,2025-09-15 16:54:30
5032737756_119197858212_10699170,119197858212,11728422842,5032737756,christmas present,BROAD,ENABLED,,,,,,,,,APPROVED,ELIGIBLE,0,,2025-09-15 16:54:30
5032737756_119197858212_10764952,119197858212,11728422842,5032737756,customized gifts,BROAD,ENABLED,,,,,,,,,APPROVED,ELIGIBLE,0,,2025-09-15 16:54:30
5032737756_119197858212_10837691,119197858212,11728422842,5032737756,gift items,BROAD,ENABLED,,,,,,,,,APPROVED,ELIGIBLE,0,,2025-09-15 16:54:30
5032737756_119197858212_10868660,119197858212,11728422842,5032737756,gifts online,BROAD,ENABLED,,,,,,,,,APPROVED,ELIGIBLE,0,,2025-09-15 16:54:30
5032737756_119197858212_11059480,119197858212,11728422842,5032737756,personalized gifts,BROAD,ENABLED,,,,,,,,,APPROVED,ELIGIBLE,0,,2025-09-15 16:54:30
5032737756_119197858212_11376720,119197858212,11728422842,5032737756,engraved gifts,BROAD,ENABLED,,,,,,,,,APPROVED,ELIGIBLE,0,,2025-09-15 16:54:30
5032737756_119197858212_11628730,119197858212,11728422842,5032737756,personalized items,BROAD,ENABLED,,,,,,,,,APPROVED,ELIGIBLE,0,,2025-09-15 16:54:30
5032737756_119197858212_12080381,119197858212,11728422842,5032737756,cool gifts,BROAD,ENABLED,,,,,,,,,APPROVED,ELIGIBLE,0,,2025-09-15 16:54:30
5032737756_119197858212_12586211,119197858212,11728422842,5032737756,great gift ideas,BROAD,ENABLED,,,,,,,,,APPROVED,ELIGIBLE,0,,2025-09-15 16:54:30
5032737756_119197858212_13793926,119197858212,11728422842,5032737756,gifts for,BROAD,ENABLED,,,,,,,,,APPROVED,ELIGIBLE,0,,2025-09-15 16:54:30
5032737756_119197858212_14808381,119197858212,11728422842,5032737756,photo gifts,BROAD,ENABLED,,,,,,,,,APPROVED,ELIGIBLE,0,,2025-09-15 16:54:30
5032737756_119197858212_18124440,119197858212,11728422842,5032737756,buy gifts,BROAD,ENABLED,,,,,,,,,APPROVED,ELIGIBLE,0,,2025-09-15 16:54:30
5032737756_119197858212_18156781,119197858212,11728422842,5032737756,personalized gifts for him,BROAD,ENABLED,,,,,,,,,APPROVED,ELIGIBLE,0,,2025-09-15 16:54:30
5032737756_119197858212_19157571,119197858212,11728422842,5032737756,personalized keychains,BROAD,ENABLED,,,,,,,,,APPROVED,ELIGIBLE,0,,2025-09-15 16:54:30
5032737756_119197858212_19930466,119197858212,11728422842,5032737756,promotional gift item,BROAD,ENABLED,,,,,,,,,APPROVED,ELIGIBLE,0,,2025-09-15 16:54:30
5032737756_119197858212_21659442,119197858212,11728422842,5032737756,presents gifts,BROAD,ENABLED,,,,,,,,,APPROVED,ELIGIBLE,0,,2025-09-15 16:54:30
5032737756_119197858212_22953906,119197858212,11728422842,5032737756,personalised journal,BROAD,ENABLED,,,,,,,,,APPROVED,ELIGIBLE,0,,2025-09-15 16:54:30
5032737756_119197858212_27557106,119197858212,11728422842,5032737756,christmas idea,BROAD,ENABLED,,,,,,,,,APPROVED,ELIGIBLE,0,,2025-09-15 16:54:30
5032737756_119197858212_35289940,119197858212,11728422842,5032737756,custom made gifts,BROAD,ENABLED,,,,,,,,,APPROVED,ELIGIBLE,0,,2025-09-15 16:54:30
5032737756_119197858212_44510050,119197858212,11728422842,5032737756,useful gifts,BROAD,ENABLED,,,,,,,,,APPROVED,ELIGIBLE,0,,2025-09-15 16:54:30
5032737756_119197858212_51010741,119197858212,11728422842,5032737756,personalised gifts for men,BROAD,ENABLED,,,,,,,,,APPROVED,ELIGIBLE,0,,2025-09-15 16:54:30
5032737756_119197858212_65350930,119197858212,11728422842,5032737756,personalized diary,BROAD,ENABLED,,,,,,,,,APPROVED,ELIGIBLE,0,,2025-09-15 16:54:30
5032737756_119197858212_123361069,119197858212,11728422842,5032737756,personal gift ideas,BROAD,ENABLED,,,,,,,,,APPROVED,ELIGIBLE,0,,2025-09-15 16:54:30
5032737756_119197858212_125276736,119197858212,11728422842,5032737756,personalised gift ideas,BROAD,ENABLED,,,,,,,,,APPROVED,ELIGIBLE,0,,2025-09-15 16:54:30
5032737756_119197858212_142050633,119197858212,11728422842,5032737756,personalised items,BROAD,ENABLED,,,,,,,,,APPROVED,ELIGIBLE,0,,2025-09-15 16:54:30
5032737756_119197858212_251071692,119197858212,11728422842,5032737756,best personalized gifts,BROAD,ENABLED,,,,,,,,,APPROVED,ELIGIBLE,0,,2025-09-15 16:54:30
5032737756_119197858212_546209726,119197858212,11728422842,5032737756,diary printing,BROAD,ENABLED,,,,,,,,,APPROVED,ELIGIBLE,0,,2025-09-15 16:54:30
5032737756_119197858212_639721003,119197858212,11728422842,5032737756,diary notebook,BROAD,ENABLED,,,,,,,,,APPROVED,ELIGIBLE,0,,2025-09-15 16:54:30
5032737756_119197858212_1088419887,119197858212,11728422842,5032737756,engraved gifts for her,BROAD,ENABLED,,,,,,,,,APPROVED,ELIGIBLE,0,,2025-09-15 16:54:30
5032737756_119197858212_1455899597,119197858212,11728422842,5032737756,personalised gifts for her,BROAD,ENABLED,,,,,,,,,APPROVED,ELIGIBLE,0,,2025-09-15 16:54:30
5032737756_119197858212_2675183369,119197858212,11728422842,5032737756,gifts to personalize,BROAD,ENABLED,,,,,,,,,APPROVED,ELIGIBLE,0,,2025-09-15 16:54:30
5032737756_119197858212_3191597705,119197858212,11728422842,5032737756,personalised stationery gifts,BROAD,ENABLED,,,,,,,,,APPROVED,ELIGIBLE,0,,2025-09-15 16:54:30
5032737756_119197858212_6530351883,119197858212,11728422842,5032737756,custom personalized,BROAD,ENABLED,,,,,,,,,APPROVED,ELIGIBLE,0,,2025-09-15 16:54:30
5032737756_119197858212_184318803638,119197858212,11728422842,5032737756,gift items for corporate clients,BROAD,ENABLED,,,,,,,,,APPROVED,ELIGIBLE,0,,2025-09-15 16:54:30
5032737756_119197858212_294807789747,119197858212,11728422842,5032737756,best personalised gifts,BROAD,ENABLED,,,,,,,,,APPROVED,ELIGIBLE,0,,2025-09-15 16:54:30
5032737756_119197858212_295119363822,119197858212,11728422842,5032737756,personalisation gifts,BROAD,ENABLED,,,,,,,,,APPROVED,ELIGIBLE,0,,2025-09-15 16:54:30
5032737756_119197858212_295522635046,119197858212,11728422842,5032737756,personal present,BROAD,ENABLED,,,,,,,,,APPROVED,ELIGIBLE,0,,2025-09-15 16:54:30
5032737756_119197858212_295593596140,119197858212,11728422842,5032737756,personalised photo diary,BROAD,ENABLED,,,,,,,,,APPROVED,ELIGIBLE,0,,2025-09-15 16:54:30
5032737756_119197858212_295603562580,119197858212,11728422842,5032737756,personalised gifts us,BROAD,ENABLED,,,,,,,,,APPROVED,ELIGIBLE,0,,2025-09-15 16:54:30
5032737756_119197858212_295704601159,119197858212,11728422842,5032737756,personalized presents,BROAD,ENABLED,,,,,,,,,APPROVED,ELIGIBLE,0,,2025-09-15 16:54:30
5032737756_119197858212_295761650790,119197858212,11728422842,5032737756,personalized gifts for,BROAD,ENABLED,,,,,,,,,APPROVED,ELIGIBLE,0,,2025-09-15 16:54:30
5032737756_119197858212_295783631510,119197858212,11728422842,5032737756,customized birthday gifts,BROAD,ENABLED,,,,,,,,,APPROVED,ELIGIBLE,0,,2025-09-15 16:54:30
5032737756_119197858212_295953089479,119197858212,11728422842,5032737756,personalised presents,BROAD,ENABLED,,,,,,,,,APPROVED,ELIGIBLE,0,,2025-09-15 16:54:30
5032737756_119197858212_296162298370,119197858212,11728422842,5032737756,personalised gift store,BROAD,ENABLED,,,,,,,,,APPROVED,ELIGIBLE,0,,2025-09-15 16:54:30
5032737756_119197858212_296271037842,119197858212,11728422842,5032737756,christmas gift for,BROAD,ENABLED,,,,,,,,,APPROVED,ELIGIBLE,0,,2025-09-15 16:54:30
5032737756_119197858212_296271040762,119197858212,11728422842,5032737756,customized gifting,BROAD,ENABLED,,,,,,,,,APPROVED,ELIGIBLE,0,,2025-09-15 16:54:30
5032737756_119197858212_297004187925,119197858212,11728422842,5032737756,customized gift ideas,BROAD,ENABLED,,,,,,,,,APPROVED,ELIGIBLE,0,,2025-09-15 16:54:30
5032737756_119197858212_297076116231,119197858212,11728422842,5032737756,personalised leather diary,BROAD,ENABLED,,,,,,,,,APPROVED,ELIGIBLE,0,,2025-09-15 16:54:30
5032737756_119197858212_297646296469,119197858212,11728422842,5032737756,personalization website,BROAD,ENABLED,,,,,,,,,APPROVED,ELIGIBLE,0,,2025-09-15 16:54:30
5032737756_119197858212_298179849343,119197858212,11728422842,5032737756,diary buy online,BROAD,ENABLED,,,,,,,,,APPROVED,ELIGIBLE,0,,2025-09-15 16:54:30
5032737756_119197858212_298626653898,119197858212,11728422842,5032737756,customised diary,BROAD,ENABLED,,,,,,,,,APPROVED,ELIGIBLE,0,,2025-09-15 16:54:30
5032737756_119197858212_299674915186,119197858212,11728422842,5032737756,personalised planner,BROAD,ENABLED,,,,,,,,,APPROVED,ELIGIBLE,0,,2025-09-15 16:54:30
5032737756_119197858212_301028464534,119197858212,11728422842,5032737756,custom engraved products,BROAD,ENABLED,,,,,,,,,APPROVED,ELIGIBLE,0,,2025-09-15 16:54:30
5032737756_119197858212_301392290296,119197858212,11728422842,5032737756,personal engraved,BROAD,ENABLED,,,,,,,,,APPROVED,ELIGIBLE,0,,2025-09-15 16:54:30
5032737756_119197858212_313575886225,119197858212,11728422842,5032737756,personalization site,BROAD,ENABLED,,,,,,,,,APPROVED,ELIGIBLE,0,,2025-09-15 16:54:30
5032737756_119197858212_325492169724,119197858212,11728422842,5032737756,gift gifts,BROAD,ENABLED,,,,,,,,,APPROVED,ELIGIBLE,0,,2025-09-15 16:54:30
5032737756_119197858212_327806178861,119197858212,11728422842,5032737756,customisable gift,BROAD,ENABLED,,,,,,,,,APPROVED,ELIGIBLE,0,,2025-09-15 16:54:30
5032737756_119197858212_382739418363,119197858212,11728422842,5032737756,customised diary with name,BROAD,ENABLED,,,,,,,,,APPROVED,ELIGIBLE,0,,2025-09-15 16:54:30
5032737756_119197858212_909622163645,119197858212,11728422842,5032737756,2021 diary online,BROAD,ENABLED,,,,,,,,,APPROVED,ELIGIBLE,0,,2025-09-15 16:54:30
5032737756_119197858212_931214526625,119197858212,11728422842,5032737756,2021diaries,BROAD,ENABLED,,,,,,,,,APPROVED,RARELY_SERVED,0,,2025-09-15 16:54:30
5032737756_119197858212_931814051463,119197858212,11728422842,5032737756,leather diary 2021,BROAD,ENABLED,,,,,,,,,APPROVED,ELIGIBLE,0,,2025-09-15 16:54:30
5032737756_119197858212_932599101789,119197858212,11728422842,5032737756,personalised diary 2021,BROAD,ENABLED,,,,,,,,,APPROVED,ELIGIBLE,0,,2025-09-15 16:54:30
5032737756_119197858212_961467931600,119197858212,11728422842,5032737756,best diaries 2021,BROAD,ENABLED,,,,,,,,,APPROVED,ELIGIBLE,0,,2025-09-15 16:54:30
5032737756_119197858212_970938756138,119197858212,11728422842,5032737756,personalised photo diary 2021,BROAD,ENABLED,,,,,,,,,APPROVED,ELIGIBLE,0,,2025-09-15 16:54:30
5032737756_144435051072_10368680,144435051072,19055094938,5032737756,leather diary,BROAD,ENABLED,,,,,,,,,APPROVED,ELIGIBLE,0,,2025-09-15 16:54:30
5032737756_144435051072_20164551,144435051072,19055094938,5032737756,academic journal,BROAD,PAUSED,,,,,,,,,APPROVED,ELIGIBLE,0,,2025-09-15 16:54:30
5032737756_144435051072_24171741,144435051072,19055094938,5032737756,diary,EXACT,ENABLED,,,,,,,,,APPROVED,ELIGIBLE,0,,2025-09-15 16:54:30
5032737756_144435051072_43163571,144435051072,19055094938,5032737756,personal diary,EXACT,ENABLED,,,,,,,,,APPROVED,ELIGIBLE,0,,2025-09-15 16:54:30
5032737756_144435051072_48449741,144435051072,19055094938,5032737756,journal diary,EXACT,ENABLED,,,,,,,,,APPROVED,ELIGIBLE,0,,2025-09-15 16:54:30
5032737756_144435051072_64613101,144435051072,19055094938,5032737756,journals,EXACT,ENABLED,,,,,,,,,APPROVED,ELIGIBLE,0,,2025-09-15 16:54:30
5032737756_144435051072_101431594,144435051072,19055094938,5032737756,embossed leather journals,BROAD,ENABLED,,,,,,,,,APPROVED,ELIGIBLE,0,,2025-09-15 16:54:30
5032737756_144435051072_118474355,144435051072,19055094938,5032737756,daily diary planner,BROAD,ENABLED,,,,,,,,,APPROVED,ELIGIBLE,0,,2025-09-15 16:54:30
5032737756_144435051072_234939674,144435051072,19055094938,5032737756,calendar diary,BROAD,ENABLED,,,,,,,,,APPROVED,ELIGIBLE,0,,2025-09-15 16:54:30
5032737756_144435051072_306512366,144435051072,19055094938,5032737756,print your book,BROAD,PAUSED,,,,,,,,,APPROVED,ELIGIBLE,0,,2025-09-15 16:54:31
5032737756_144435051072_350049038,144435051072,19055094938,5032737756,personalized leather journal,BROAD,ENABLED,,,,,,,,,APPROVED,ELIGIBLE,0,,2025-09-15 16:54:31
5032737756_144435051072_420734266,144435051072,19055094938,5032737756,Print Books,BROAD,ENABLED,,,,,,,,,APPROVED,ELIGIBLE,0,,2025-09-15 16:54:31
5032737756_144435051072_519255815,144435051072,19055094938,5032737756,diaries and journals,EXACT,ENABLED,,,,,,,,,APPROVED,ELIGIBLE,0,,2025-09-15 16:54:31
5032737756_144435051072_1560528052,144435051072,19055094938,5032737756,custom leather notebooks,BROAD,ENABLED,,,,,,,,,APPROVED,ELIGIBLE,0,,2025-09-15 16:54:31
5032737756_144435051072_3380424895,144435051072,19055094938,5032737756,a5 leather diary,BROAD,ENABLED,,,,,,,,,APPROVED,ELIGIBLE,0,,2025-09-15 16:54:31
5032737756_144435051072_58874114390,144435051072,19055094938,5032737756,journal publication sites,BROAD,ENABLED,,,,,,,,,APPROVED,ELIGIBLE,0,,2025-09-15 16:54:31
5032737756_144435051072_180795688881,144435051072,19055094938,5032737756,book printing near me,BROAD,ENABLED,,,,,,,,,APPROVED,ELIGIBLE,0,,2025-09-15 16:54:31
5032737756_144435051072_295315624706,144435051072,19055094938,5032737756,executive leather journal,BROAD,ENABLED,,,,,,,,,APPROVED,ELIGIBLE,0,,2025-09-15 16:54:31
5032737756_144435051072_295825494851,144435051072,19055094938,5032737756,journal for publication,BROAD,ENABLED,,,,,,,,,APPROVED,ELIGIBLE,0,,2025-09-15 16:54:31
5032737756_144435051072_295825495891,144435051072,19055094938,5032737756,journal publications,BROAD,ENABLED,,,,,,,,,APPROVED,ELIGIBLE,0,,2025-09-15 16:54:31
5032737756_144435051072_295825498531,144435051072,19055094938,5032737756,online journal publication,BROAD,ENABLED,,,,,,,,,APPROVED,ELIGIBLE,0,,2025-09-15 16:54:31
5032737756_144435051072_295825502051,144435051072,19055094938,5032737756,publication journal,BROAD,ENABLED,,,,,,,,,APPROVED,ELIGIBLE,0,,2025-09-15 16:54:31
5032737756_144435051072_296110564240,144435051072,19055094938,5032737756,journal sites,BROAD,ENABLED,,,,,,,,,APPROVED,ELIGIBLE,0,,2025-09-15 16:54:31
5032737756_144435051072_296190274040,144435051072,19055094938,5032737756,leather journal diary,BROAD,ENABLED,,,,,,,,,APPROVED,ELIGIBLE,0,,2025-09-15 16:54:31
5032737756_144435051072_296310677739,144435051072,19055094938,5032737756,custom leather journal,BROAD,ENABLED,,,,,,,,,APPROVED,ELIGIBLE,0,,2025-09-15 16:54:31
5032737756_144435051072_296466999974,144435051072,19055094938,5032737756,daily diaries,BROAD,ENABLED,,,,,,,,,APPROVED,ELIGIBLE,0,,2025-09-15 16:54:31
5032737756_144435051072_296631454202,144435051072,19055094938,5032737756,embossed diaries,BROAD,ENABLED,,,,,,,,,APPROVED,ELIGIBLE,0,,2025-09-15 16:54:31
5032737756_144435051072_296837335845,144435051072,19055094938,5032737756,scientific journals online,BROAD,ENABLED,,,,,,,,,APPROVED,ELIGIBLE,0,,2025-09-15 16:54:31
5032737756_144435051072_296963110031,144435051072,19055094938,5032737756,daily journal diary,BROAD,ENABLED,,,,,,,,,APPROVED,ELIGIBLE,0,,2025-09-15 16:54:31
5032737756_144435051072_297054284351,144435051072,19055094938,5032737756,a5 leather journal,BROAD,ENABLED,,,,,,,,,APPROVED,ELIGIBLE,0,,2025-09-15 16:54:31
5032737756_144435051072_297054286711,144435051072,19055094938,5032737756,custom embossed leather journal,BROAD,ENABLED,,,,,,,,,APPROVED,ELIGIBLE,0,,2025-09-15 16:54:31
5032737756_144435051072_297076105151,144435051072,19055094938,5032737756,personalised leather journal,BROAD,ENABLED,,,,,,,,,APPROVED,ELIGIBLE,0,,2025-09-15 16:54:31
5032737756_144435051072_297076114231,144435051072,19055094938,5032737756,leather journal notebook,BROAD,ENABLED,,,,,,,,,APPROVED,ELIGIBLE,0,,2025-09-15 16:54:31
5032737756_144435051072_297497871593,144435051072,19055094938,5032737756,printing and binding near me,BROAD,ENABLED,,,,,,,,,APPROVED,ELIGIBLE,0,,2025-09-15 16:54:31
5032737756_144435051072_297777857006,144435051072,19055094938,5032737756,personal journal diary,BROAD,ENABLED,,,,,,,,,APPROVED,ELIGIBLE,0,,2025-09-15 16:54:31
5032737756_144435051072_298502223546,144435051072,19055094938,5032737756,diary journal notebook,BROAD,ENABLED,,,,,,,,,APPROVED,ELIGIBLE,0,,2025-09-15 16:54:31
5032737756_144435051072_299189347191,144435051072,19055094938,5032737756,nice leather journal,BROAD,ENABLED,,,,,,,,,APPROVED,ELIGIBLE,0,,2025-09-15 16:54:31
5032737756_144435051072_299251004799,144435051072,19055094938,5032737756,Diary,PHRASE,ENABLED,,,,,,,,,APPROVED,ELIGIBLE,0,,2025-09-15 16:54:31
5032737756_144435051072_301606369565,144435051072,19055094938,5032737756,Buy Notebooks,BROAD,ENABLED,,,,,,,,,APPROVED,ELIGIBLE,0,,2025-09-15 16:54:31
5032737756_144435051072_301818913132,144435051072,19055094938,5032737756,best daily journal,BROAD,ENABLED,,,,,,,,,APPROVED,ELIGIBLE,0,,2025-09-15 16:54:31
5032737756_144435051072_302768190642,144435051072,19055094938,5032737756,journal journal,BROAD,ENABLED,,,,,,,,,APPROVED,ELIGIBLE,0,,2025-09-15 16:54:31
5032737756_144435051072_303720545408,144435051072,19055094938,5032737756,writing diaries,BROAD,ENABLED,,,,,,,,,APPROVED,ELIGIBLE,0,,2025-09-15 16:54:31
5032737756_144435051072_306001158657,144435051072,19055094938,5032737756,personal diary journal,BROAD,ENABLED,,,,,,,,,APPROVED,ELIGIBLE,0,,2025-09-15 16:54:31
5032737756_144435051072_314469116347,144435051072,19055094938,5032737756,a5 journal diary,BROAD,ENABLED,,,,,,,,,APPROVED,ELIGIBLE,0,,2025-09-15 16:54:31
5032737756_144435051072_315873362761,144435051072,19055094938,5032737756,Daily Diary,BROAD,ENABLED,,,,,,,,,APPROVED,ELIGIBLE,0,,2025-09-15 16:54:31
5032737756_144435051072_324874287061,144435051072,19055094938,5032737756,embossed leather journal personalized,BROAD,ENABLED,,,,,,,,,APPROVED,ELIGIBLE,0,,2025-09-15 16:54:31
5032737756_144435051072_329537003244,144435051072,19055094938,5032737756,customized diary,EXACT,ENABLED,,,,,,,,,APPROVED,ELIGIBLE,0,,2025-09-15 16:54:31
5032737756_144435051072_355456212651,144435051072,19055094938,5032737756,customised leather diary,BROAD,ENABLED,,,,,,,,,APPROVED,ELIGIBLE,0,,2025-09-15 16:54:31
5032737756_144435051072_413307949604,144435051072,19055094938,5032737756,Buy Diaries,EXACT,ENABLED,,,,,,,,,APPROVED,ELIGIBLE,0,,2025-09-15 16:54:31
5032737756_144435051072_443686323829,144435051072,19055094938,5032737756,Buy Journals,BROAD,ENABLED,,,,,,,,,APPROVED,ELIGIBLE,0,,2025-09-15 16:54:31
5032737756_144435051072_486205521318,144435051072,19055094938,5032737756,personalized diary with name,BROAD,ENABLED,,,,,,,,,APPROVED,ELIGIBLE,0,,2025-09-15 16:54:31
5032737756_144435051072_815548204928,144435051072,19055094938,5032737756,2022 diary,BROAD,ENABLED,,,,,,,,,APPROVED,ELIGIBLE,0,,2025-09-15 16:54:31
5032737756_144435051072_843179263588,144435051072,19055094938,5032737756,eagle diaries,EXACT,ENABLED,,,,,,,,,APPROVED,ELIGIBLE,0,,2025-09-15 16:54:31
5032737756_144435051072_855037593550,144435051072,19055094938,5032737756,journaling diaries,BROAD,ENABLED,,,,,,,,,APPROVED,ELIGIBLE,0,,2025-09-15 16:54:31
5032737756_144435051072_871965235831,144435051072,19055094938,5032737756,leather diary with name,BROAD,ENABLED,,,,,,,,,APPROVED,ELIGIBLE,0,,2025-09-15 16:54:31
5032737756_144435051072_887828268683,144435051072,19055094938,5032737756,customized personal diary,BROAD,ENABLED,,,,,,,,,APPROVED,ELIGIBLE,0,,2025-09-15 16:54:31
5032737756_144435051072_936426380874,144435051072,19055094938,5032737756,2023 diary,BROAD,ENABLED,,,,,,,,,APPROVED,ELIGIBLE,0,,2025-09-15 16:54:31
5032737756_144435051072_961180983291,144435051072,19055094938,5032737756,Diaries & Journals,EXACT,ENABLED,,,,,,,,,APPROVED,ELIGIBLE,0,,2025-09-15 16:54:31
5032737756_144435051072_1003096111820,144435051072,19055094938,5032737756,leather diary 2021 a5,BROAD,ENABLED,,,,,,,,,APPROVED,RARELY_SERVED,0,,2025-09-15 16:54:31
5032737756_144435051072_1021796148211,144435051072,19055094938,5032737756,diary 2023,BROAD,ENABLED,,,,,,,,,APPROVED,ELIGIBLE,0,,2025-09-15 16:54:31
5032737756_144435051072_1598926292808,144435051072,19055094938,5032737756,2023 journal,EXACT,ENABLED,,,,,,,,,APPROVED,ELIGIBLE,0,,2025-09-15 16:54:31
5032737756_144435051072_1677405848377,144435051072,19055094938,5032737756,leather diary 2023,BROAD,ENABLED,,,,,,,,,APPROVED,ELIGIBLE,0,,2025-09-15 16:54:31
5032737756_144435051072_1707329615178,144435051072,19055094938,5032737756,2023 daily diary,PHRASE,ENABLED,,,,,,,,,APPROVED,ELIGIBLE,0,,2025-09-15 16:54:31
5032737756_144435051072_1915729068641,144435051072,19055094938,5032737756,Daily Diary 2023,BROAD,ENABLED,,,,,,,,,APPROVED,ELIGIBLE,0,,2025-09-15 16:54:31
5032737756_144435051072_1915729068681,144435051072,19055094938,5032737756,Eagle Diaries,BROAD,ENABLED,,,,,,,,,APPROVED,ELIGIBLE,0,,2025-09-15 16:54:31
5032737756_144435051072_1915729068841,144435051072,19055094938,5032737756,leather diary 2023 a5,BROAD,ENABLED,,,,,,,,,APPROVED,ELIGIBLE,0,,2025-09-15 16:54:31
5032737756_156434921013_10368680,156434921013,19055094938,5032737756,leather diary,BROAD,ENABLED,,,,,,,,,APPROVED,ELIGIBLE,0,,2025-09-15 16:54:31
5032737756_156434921013_20164551,156434921013,19055094938,5032737756,academic journal,BROAD,PAUSED,,,,,,,,,APPROVED,ELIGIBLE,0,,2025-09-15 16:54:31
5032737756_156434921013_24171741,156434921013,19055094938,5032737756,diary,EXACT,ENABLED,,,,,,,,,APPROVED,ELIGIBLE,0,,2025-09-15 16:54:31
5032737756_156434921013_43163571,156434921013,19055094938,5032737756,personal diary,EXACT,ENABLED,,,,,,,,,APPROVED,ELIGIBLE,0,,2025-09-15 16:54:31
5032737756_156434921013_48449741,156434921013,19055094938,5032737756,journal diary,EXACT,ENABLED,,,,,,,,,APPROVED,ELIGIBLE,0,,2025-09-15 16:54:31
5032737756_156434921013_64613101,156434921013,19055094938,5032737756,journals,EXACT,ENABLED,,,,,,,,,APPROVED,ELIGIBLE,0,,2025-09-15 16:54:31
5032737756_156434921013_101431594,156434921013,19055094938,5032737756,embossed leather journals,BROAD,ENABLED,,,,,,,,,APPROVED,ELIGIBLE,0,,2025-09-15 16:54:31
5032737756_156434921013_118474355,156434921013,19055094938,5032737756,daily diary planner,BROAD,ENABLED,,,,,,,,,APPROVED,ELIGIBLE,0,,2025-09-15 16:54:31
5032737756_156434921013_234939674,156434921013,19055094938,5032737756,calendar diary,BROAD,ENABLED,,,,,,,,,APPROVED,ELIGIBLE,0,,2025-09-15 16:54:31
5032737756_156434921013_306512366,156434921013,19055094938,5032737756,print your book,BROAD,PAUSED,,,,,,,,,APPROVED,ELIGIBLE,0,,2025-09-15 16:54:31
5032737756_156434921013_350049038,156434921013,19055094938,5032737756,personalized leather journal,BROAD,ENABLED,,,,,,,,,APPROVED,ELIGIBLE,0,,2025-09-15 16:54:31
5032737756_156434921013_420734266,156434921013,19055094938,5032737756,Print Books,BROAD,ENABLED,,,,,,,,,APPROVED,ELIGIBLE,0,,2025-09-15 16:54:31
5032737756_156434921013_519255815,156434921013,19055094938,5032737756,diaries and journals,EXACT,ENABLED,,,,,,,,,APPROVED,ELIGIBLE,0,,2025-09-15 16:54:31
5032737756_156434921013_1560528052,156434921013,19055094938,5032737756,custom leather notebooks,BROAD,ENABLED,,,,,,,,,APPROVED,ELIGIBLE,0,,2025-09-15 16:54:31
5032737756_156434921013_3380424895,156434921013,19055094938,5032737756,a5 leather diary,BROAD,ENABLED,,,,,,,,,APPROVED,ELIGIBLE,0,,2025-09-15 16:54:31
5032737756_156434921013_58874114390,156434921013,19055094938,5032737756,journal publication sites,BROAD,ENABLED,,,,,,,,,APPROVED,ELIGIBLE,0,,2025-09-15 16:54:31
5032737756_156434921013_180795688881,156434921013,19055094938,5032737756,book printing near me,BROAD,ENABLED,,,,,,,,,APPROVED,ELIGIBLE,0,,2025-09-15 16:54:31
5032737756_156434921013_295315624706,156434921013,19055094938,5032737756,executive leather journal,BROAD,ENABLED,,,,,,,,,APPROVED,ELIGIBLE,0,,2025-09-15 16:54:31
5032737756_156434921013_295825494851,156434921013,19055094938,5032737756,journal for publication,BROAD,ENABLED,,,,,,,,,APPROVED,ELIGIBLE,0,,2025-09-15 16:54:31
5032737756_156434921013_295825495891,156434921013,19055094938,5032737756,journal publications,BROAD,ENABLED,,,,,,,,,APPROVED,ELIGIBLE,0,,2025-09-15 16:54:31
5032737756_156434921013_295825498531,156434921013,19055094938,5032737756,online journal publication,BROAD,ENABLED,,,,,,,,,APPROVED,ELIGIBLE,0,,2025-09-15 16:54:31
5032737756_156434921013_295825502051,156434921013,19055094938,5032737756,publication journal,BROAD,ENABLED,,,,,,,,,APPROVED,ELIGIBLE,0,,2025-09-15 16:54:31
5032737756_156434921013_296110564240,156434921013,19055094938,5032737756,journal sites,BROAD,ENABLED,,,,,,,,,APPROVED,ELIGIBLE,0,,2025-09-15 16:54:31
5032737756_156434921013_296190274040,156434921013,19055094938,5032737756,leather journal diary,BROAD,ENABLED,,,,,,,,,APPROVED,ELIGIBLE,0,,2025-09-15 16:54:31
5032737756_156434921013_296310677739,156434921013,19055094938,5032737756,custom leather journal,BROAD,ENABLED,,,,,,,,,APPROVED,ELIGIBLE,0,,2025-09-15 16:54:31
5032737756_156434921013_296466999974,156434921013,19055094938,5032737756,daily diaries,BROAD,ENABLED,,,,,,,,,APPROVED,ELIGIBLE,0,,2025-09-15 16:54:31
5032737756_156434921013_296631454202,156434921013,19055094938,5032737756,embossed diaries,BROAD,ENABLED,,,,,,,,,APPROVED,ELIGIBLE,0,,2025-09-15 16:54:31
5032737756_156434921013_296837335845,156434921013,19055094938,5032737756,scientific journals online,BROAD,ENABLED,,,,,,,,,APPROVED,ELIGIBLE,0,,2025-09-15 16:54:31
5032737756_156434921013_296963110031,156434921013,19055094938,5032737756,daily journal diary,BROAD,ENABLED,,,,,,,,,APPROVED,ELIGIBLE,0,,2025-09-15 16:54:31
5032737756_156434921013_297054284351,156434921013,19055094938,5032737756,a5 leather journal,BROAD,ENABLED,,,,,,,,,APPROVED,ELIGIBLE,0,,2025-09-15 16:54:31
5032737756_156434921013_297054286711,156434921013,19055094938,5032737756,custom embossed leather journal,BROAD,ENABLED,,,,,,,,,APPROVED,ELIGIBLE,0,,2025-09-15 16:54:31
5032737756_156434921013_297076105151,156434921013,19055094938,5032737756,personalised leather journal,BROAD,ENABLED,,,,,,,,,APPROVED,ELIGIBLE,0,,2025-09-15 16:54:31
5032737756_156434921013_297076114231,156434921013,19055094938,5032737756,leather journal notebook,BROAD,ENABLED,,,,,,,,,APPROVED,ELIGIBLE,0,,2025-09-15 16:54:31
5032737756_156434921013_297497871593,156434921013,19055094938,5032737756,printing and binding near me,BROAD,ENABLED,,,,,,,,,APPROVED,ELIGIBLE,0,,2025-09-15 16:54:31
5032737756_156434921013_297777857006,156434921013,19055094938,5032737756,personal journal diary,BROAD,ENABLED,,,,,,,,,APPROVED,ELIGIBLE,0,,2025-09-15 16:54:31
5032737756_156434921013_298502223546,156434921013,19055094938,5032737756,diary journal notebook,BROAD,ENABLED,,,,,,,,,APPROVED,ELIGIBLE,0,,2025-09-15 16:54:31
5032737756_156434921013_299189347191,156434921013,19055094938,5032737756,nice leather journal,BROAD,ENABLED,,,,,,,,,APPROVED,ELIGIBLE,0,,2025-09-15 16:54:31
5032737756_156434921013_299251004799,156434921013,19055094938,5032737756,Diary,PHRASE,ENABLED,,,,,,,,,DISAPPROVED,ELIGIBLE,0,,2025-09-15 16:54:31
5032737756_156434921013_301606369565,156434921013,19055094938,5032737756,Buy Notebooks,BROAD,ENABLED,,,,,,,,,APPROVED,ELIGIBLE,0,,2025-09-15 16:54:31
5032737756_156434921013_301818913132,156434921013,19055094938,5032737756,best daily journal,BROAD,ENABLED,,,,,,,,,APPROVED,ELIGIBLE,0,,2025-09-15 16:54:31
5032737756_156434921013_302768190642,156434921013,19055094938,5032737756,journal journal,BROAD,ENABLED,,,,,,,,,APPROVED,ELIGIBLE,0,,2025-09-15 16:54:31
5032737756_156434921013_303720545408,156434921013,19055094938,5032737756,writing diaries,BROAD,ENABLED,,,,,,,,,APPROVED,ELIGIBLE,0,,2025-09-15 16:54:31
5032737756_156434921013_306001158657,156434921013,19055094938,5032737756,personal diary journal,BROAD,ENABLED,,,,,,,,,APPROVED,ELIGIBLE,0,,2025-09-15 16:54:31
5032737756_156434921013_313224916488,156434921013,19055094938,5032737756,book journal,PHRASE,ENABLED,,,,,,,,,APPROVED,ELIGIBLE,0,,2025-09-15 16:54:31
5032737756_156434921013_314469116347,156434921013,19055094938,5032737756,a5 journal diary,BROAD,ENABLED,,,,,,,,,APPROVED,ELIGIBLE,0,,2025-09-15 16:54:31
5032737756_156434921013_315873362761,156434921013,19055094938,5032737756,Daily Diary,BROAD,ENABLED,,,,,,,,,APPROVED,ELIGIBLE,0,,2025-09-15 16:54:31
5032737756_156434921013_324874287061,156434921013,19055094938,5032737756,embossed leather journal personalized,BROAD,ENABLED,,,,,,,,,APPROVED,ELIGIBLE,0,,2025-09-15 16:54:31
5032737756_156434921013_329537003244,156434921013,19055094938,5032737756,customized diary,EXACT,ENABLED,,,,,,,,,APPROVED,ELIGIBLE,0,,2025-09-15 16:54:31
5032737756_156434921013_355456212651,156434921013,19055094938,5032737756,customised leather diary,BROAD,ENABLED,,,,,,,,,APPROVED,ELIGIBLE,0,,2025-09-15 16:54:31
5032737756_156434921013_413307949604,156434921013,19055094938,5032737756,Buy Diaries,EXACT,ENABLED,,,,,,,,,APPROVED,ELIGIBLE,0,,2025-09-15 16:54:31
5032737756_156434921013_443686323829,156434921013,19055094938,5032737756,Buy Journals,BROAD,ENABLED,,,,,,,,,APPROVED,ELIGIBLE,0,,2025-09-15 16:54:31
5032737756_156434921013_486205521318,156434921013,19055094938,5032737756,personalized diary with name,BROAD,ENABLED,,,,,,,,,APPROVED,ELIGIBLE,0,,2025-09-15 16:54:31
5032737756_156434921013_815548204928,156434921013,19055094938,5032737756,2022 diary,BROAD,ENABLED,,,,,,,,,APPROVED,ELIGIBLE,0,,2025-09-15 16:54:31
5032737756_156434921013_843179263588,156434921013,19055094938,5032737756,eagle diaries,EXACT,ENABLED,,,,,,,,,APPROVED,ELIGIBLE,0,,2025-09-15 16:54:31
5032737756_156434921013_855037593550,156434921013,19055094938,5032737756,journaling diaries,BROAD,ENABLED,,,,,,,,,APPROVED,ELIGIBLE,0,,2025-09-15 16:54:31
5032737756_156434921013_871965235831,156434921013,19055094938,5032737756,leather diary with name,BROAD,ENABLED,,,,,,,,,APPROVED,ELIGIBLE,0,,2025-09-15 16:54:31
5032737756_156434921013_887828268683,156434921013,19055094938,5032737756,customized personal diary,BROAD,ENABLED,,,,,,,,,APPROVED,ELIGIBLE,0,,2025-09-15 16:54:31
5032737756_156434921013_936426380874,156434921013,19055094938,5032737756,2023 diary,BROAD,ENABLED,,,,,,,,,APPROVED,ELIGIBLE,0,,2025-09-15 16:54:31
5032737756_156434921013_961180983291,156434921013,19055094938,5032737756,Diaries & Journals,EXACT,ENABLED,,,,,,,,,APPROVED,ELIGIBLE,0,,2025-09-15 16:54:31
5032737756_156434921013_1003096111820,156434921013,19055094938,5032737756,leather diary 2021 a5,BROAD,ENABLED,,,,,,,,,APPROVED,RARELY_SERVED,0,,2025-09-15 16:54:31
5032737756_156434921013_1021796148211,156434921013,19055094938,5032737756,diary 2023,BROAD,ENABLED,,,,,,,,,APPROVED,ELIGIBLE,0,,2025-09-15 16:54:31
5032737756_156434921013_1598926292808,156434921013,19055094938,5032737756,2023 journal,EXACT,ENABLED,,,,,,,,,APPROVED,ELIGIBLE,0,,2025-09-15 16:54:31
5032737756_156434921013_1677405848377,156434921013,19055094938,5032737756,leather diary 2023,BROAD,ENABLED,,,,,,,,,APPROVED,ELIGIBLE,0,,2025-09-15 16:54:31
5032737756_156434921013_1707329615178,156434921013,19055094938,5032737756,2023 daily diary,PHRASE,ENABLED,,,,,,,,,APPROVED,ELIGIBLE,0,,2025-09-15 16:54:31
5032737756_156434921013_1915638690416,156434921013,19055094938,5032737756,Daily Diary 2023,BROAD,ENABLED,,,,,,,,,APPROVED,ELIGIBLE,0,,2025-09-15 16:54:31
5032737756_156434921013_1915638690456,156434921013,19055094938,5032737756,Eagle Diaries,BROAD,ENABLED,,,,,,,,,APPROVED,ELIGIBLE,0,,2025-09-15 16:54:31
5032737756_156434921013_1915638690616,156434921013,19055094938,5032737756,leather diary 2023 a5,BROAD,ENABLED,,,,,,,,,APPROVED,ELIGIBLE,0,,2025-09-15 16:54:31
5032737756_169496442439_12679810,169496442439,21900563224,5032737756,custom journals,EXACT,ENABLED,,,,,,,,,APPROVED,ELIGIBLE,0,,2025-09-15 16:54:31
5032737756_169496442439_22139570,169496442439,21900563224,5032737756,leather journal,EXACT,ENABLED,,,,,,,,,APPROVED,ELIGIBLE,0,,2025-09-15 16:54:31
5032737756_169496442439_28597246,169496442439,21900563224,5032737756,leather notebook,EXACT,ENABLED,,,,,,,,,APPROVED,ELIGIBLE,0,,2025-09-15 16:54:31
5032737756_169496442439_52368766,169496442439,21900563224,5032737756,custom notebooks,EXACT,ENABLED,,,,,,,,,APPROVED,ELIGIBLE,0,,2025-09-15 16:54:31
5032737756_169496442439_155210364,169496442439,21900563224,5032737756,personalized journal,EXACT,ENABLED,,,,,,,,,APPROVED,ELIGIBLE,0,,2025-09-15 16:54:31
5032737756_169496442439_155210564,169496442439,21900563224,5032737756,personalized notebooks,EXACT,ENABLED,,,,,,,,,APPROVED,ELIGIBLE,0,,2025-09-15 16:54:31
5032737756_169496442439_256633339,169496442439,21900563224,5032737756,small diary,EXACT,ENABLED,,,,,,,,,APPROVED,ELIGIBLE,0,,2025-09-15 16:54:31
5032737756_169496442439_293729244,169496442439,21900563224,5032737756,personalised diary,EXACT,ENABLED,,,,,,,,,APPROVED,ELIGIBLE,0,,2025-09-15 16:54:31
5032737756_169496442439_539501163,169496442439,21900563224,5032737756,custom diary,EXACT,ENABLED,,,,,,,,,APPROVED,ELIGIBLE,0,,2025-09-15 16:54:31
5032737756_169496442439_662068399,169496442439,21900563224,5032737756,custom spiral notebooks,EXACT,ENABLED,,,,,,,,,APPROVED,ELIGIBLE,0,,2025-09-15 16:54:31
5032737756_169496442439_805950352,169496442439,21900563224,5032737756,luxury notebooks,EXACT,ENABLED,,,,,,,,,APPROVED,ELIGIBLE,0,,2025-09-15 16:54:31
5032737756_169496442439_821841703,169496442439,21900563224,5032737756,refillable leather journal,EXACT,ENABLED,,,,,,,,,APPROVED,ELIGIBLE,0,,2025-09-15 16:54:31
5032737756_169496442439_915486695,169496442439,21900563224,5032737756,personalised notebooks,EXACT,ENABLED,,,,,,,,,APPROVED,ELIGIBLE,0,,2025-09-15 16:54:31
5032737756_169496442439_1039586413,169496442439,21900563224,5032737756,personalized leather journal,EXACT,ENABLED,,,,,,,,,APPROVED,ELIGIBLE,0,,2025-09-15 16:54:31
5032737756_169496442439_1683688110,169496442439,21900563224,5032737756,spiral bound notebooks,EXACT,ENABLED,,,,,,,,,APPROVED,ELIGIBLE,0,,2025-09-15 16:54:31
5032737756_169496442439_4962015953,169496442439,21900563224,5032737756,cute notebooks,EXACT,ENABLED,,,,,,,,,APPROVED,ELIGIBLE,0,,2025-09-15 16:54:31
5032737756_169496442439_5002337205,169496442439,21900563224,5032737756,refillable notebook,EXACT,ENABLED,,,,,,,,,APPROVED,ELIGIBLE,0,,2025-09-15 16:54:31
5032737756_169496442439_5224353114,169496442439,21900563224,5032737756,custom printed notebooks,EXACT,ENABLED,,,,,,,,,APPROVED,ELIGIBLE,0,,2025-09-15 16:54:31
5032737756_169496442439_7500702986,169496442439,21900563224,5032737756,personalised leather notebook,EXACT,ENABLED,,,,,,,,,APPROVED,ELIGIBLE,0,,2025-09-15 16:54:31
5032737756_169496442439_22637334793,169496442439,21900563224,5032737756,dotted journal,EXACT,ENABLED,,,,,,,,,APPROVED,ELIGIBLE,0,,2025-09-15 16:54:31
5032737756_169496442439_23512883716,169496442439,21900563224,5032737756,leuchtturm notebook,EXACT,ENABLED,,,,,,,,,APPROVED,ELIGIBLE,0,,2025-09-15 16:54:31
5032737756_169496442439_25674481579,169496442439,21900563224,5032737756,custom notebooks with logo,EXACT,ENABLED,,,,,,,,,APPROVED,ELIGIBLE,0,,2025-09-15 16:54:31
5032737756_169496442439_28609069158,169496442439,21900563224,5032737756,dotted notebook,EXACT,ENABLED,,,,,,,,,APPROVED,ELIGIBLE,0,,2025-09-15 16:54:31
5032737756_169496442439_49653217226,169496442439,21900563224,5032737756,custom journals with logo,EXACT,ENABLED,,,,,,,,,APPROVED,ELIGIBLE,0,,2025-09-15 16:54:31
5032737756_169496442439_58307339899,169496442439,21900563224,5032737756,luxurious journals,EXACT,ENABLED,,,,,,,,,APPROVED,ELIGIBLE,0,,2025-09-15 16:54:31
5032737756_169496442439_91622679299,169496442439,21900563224,5032737756,personalized journals bulk,EXACT,ENABLED,,,,,,,,,APPROVED,ELIGIBLE,0,,2025-09-15 16:54:31
5032737756_169496442439_295750139906,169496442439,21900563224,5032737756,journal notebook,EXACT,ENABLED,,,,,,,,,APPROVED,ELIGIBLE,0,,2025-09-15 16:54:31
5032737756_169496442439_297097901645,169496442439,21900563224,5032737756,small note books,EXACT,ENABLED,,,,,,,,,APPROVED,ELIGIBLE,0,,2025-09-15 16:54:31
5032737756_169496442439_297936604463,169496442439,21900563224,5032737756,grid notebook,EXACT,ENABLED,,,,,,,,,APPROVED,ELIGIBLE,0,,2025-09-15 16:54:31
5032737756_169496442439_299762022379,169496442439,21900563224,5032737756,diary notebook,EXACT,ENABLED,,,,,,,,,APPROVED,ELIGIBLE,0,,2025-09-15 16:54:31
5032737756_169496442439_300226719814,169496442439,21900563224,5032737756,journaling notebook,EXACT,ENABLED,,,,,,,,,APPROVED,ELIGIBLE,0,,2025-09-15 16:54:31
5032737756_169496442439_300269665581,169496442439,21900563224,5032737756,journal cover,EXACT,ENABLED,,,,,,,,,APPROVED,ELIGIBLE,0,,2025-09-15 16:54:31
5032737756_169496442439_301324927801,169496442439,21900563224,5032737756,dot graph notebook,EXACT,ENABLED,,,,,,,,,APPROVED,ELIGIBLE,0,,2025-09-15 16:54:31
5032737756_169496442439_305845485813,169496442439,21900563224,5032737756,diary and notebook,EXACT,ENABLED,,,,,,,,,APPROVED,ELIGIBLE,0,,2025-09-15 16:54:31
5032737756_169496442439_306207798906,169496442439,21900563224,5032737756,journal with lock and key,EXACT,ENABLED,,,,,,,,,APPROVED,ELIGIBLE,0,,2025-09-15 16:54:31
5032737756_169496442439_307635404143,169496442439,21900563224,5032737756,notebooks and journals,EXACT,ENABLED,,,,,,,,,APPROVED,ELIGIBLE,0,,2025-09-15 16:54:31
5032737756_169496442439_308978459498,169496442439,21900563224,5032737756,diaries with lock and key,EXACT,ENABLED,,,,,,,,,APPROVED,ELIGIBLE,0,,2025-09-15 16:54:31
5032737756_169496442439_310375403904,169496442439,21900563224,5032737756,notebook with cover,EXACT,ENABLED,,,,,,,,,APPROVED,ELIGIBLE,0,,2025-09-15 16:54:31
5032737756_169496442439_310672395738,169496442439,21900563224,5032737756,journals for journaling,EXACT,ENABLED,,,,,,,,,APPROVED,ELIGIBLE,0,,2025-09-15 16:54:31
5032737756_169496442439_317829043118,169496442439,21900563224,5032737756,buy diaries online,EXACT,ENABLED,,,,,,,,,APPROVED,ELIGIBLE,0,,2025-09-15 16:54:31
5032737756_169496442439_324366822189,169496442439,21900563224,5032737756,rough notebooks,EXACT,ENABLED,,,,,,,,,APPROVED,ELIGIBLE,0,,2025-09-15 16:54:31
5032737756_169496442439_327879940513,169496442439,21900563224,5032737756,personalized notebooks with logo,EXACT,ENABLED,,,,,,,,,APPROVED,ELIGIBLE,0,,2025-09-15 16:54:31
5032737756_169496442439_330340511695,169496442439,21900563224,5032737756,personalized diary with lock,EXACT,ENABLED,,,,,,,,,APPROVED,ELIGIBLE,0,,2025-09-15 16:54:31
5032737756_169496442439_339768283101,169496442439,21900563224,5032737756,100 pages notebook price,EXACT,ENABLED,,,,,,,,,APPROVED,ELIGIBLE,0,,2025-09-15 16:54:31
5032737756_169496442439_392383528302,169496442439,21900563224,5032737756,100 pages notebook,EXACT,ENABLED,,,,,,,,,APPROVED,ELIGIBLE,0,,2025-09-15 16:54:31
5032737756_169496442439_443778384655,169496442439,21900563224,5032737756,paper grid notebook,EXACT,ENABLED,,,,,,,,,APPROVED,ELIGIBLE,0,,2025-09-15 16:54:31
5032737756_169496442439_488400463632,169496442439,21900563224,5032737756,blank notebook,EXACT,ENABLED,,,,,,,,,APPROVED,ELIGIBLE,0,,2025-09-15 16:54:31
5032737756_169496442439_818631259098,169496442439,21900563224,5032737756,classmate custom notebook,EXACT,ENABLED,,,,,,,,,APPROVED,ELIGIBLE,0,,2025-09-15 16:54:31
5032737756_169496442439_1324824988926,169496442439,21900563224,5032737756,note books near me,EXACT,ENABLED,,,,,,,,,APPROVED,ELIGIBLE,0,,2025-09-15 16:54:31
5032737756_169496442439_1493092586388,169496442439,21900563224,5032737756,personal diary books,EXACT,ENABLED,,,,,,,,,APPROVED,ELIGIBLE,0,,2025-09-15 16:54:31
5032737756_170157390159_12929821,170157390159,21943954018,5032737756,notebooks,EXACT,PAUSED,,,,,,,,,APPROVED,ELIGIBLE,0,,2025-09-15 16:54:31
5032737756_170157390159_18118756,170157390159,21943954018,5032737756,journal,EXACT,PAUSED,,,,,,,,,APPROVED,ELIGIBLE,0,,2025-09-15 16:54:31
5032737756_170157390159_323291271346,170157390159,21943954018,5032737756,Diaries,EXACT,ENABLED,,,,,,,,,APPROVED,ELIGIBLE,0,,2025-09-15 16:54:31
5032737756_170157390159_338950320421,170157390159,21943954018,5032737756,top 10 corporate gifting companies in bangalore,EXACT,ENABLED,,,,,,,,,APPROVED,ELIGIBLE,0,,2025-09-15 16:54:31
5032737756_170157390159_423562727418,170157390159,21943954018,5032737756,premium diaries,EXACT,ENABLED,,,,,,,,,APPROVED,ELIGIBLE,0,,2025-09-15 16:54:31
5032737756_170157390159_493204242461,170157390159,21943954018,5032737756,eagle diaries price,EXACT,ENABLED,,,,,,,,,APPROVED,RARELY_SERVED,0,,2025-09-15 16:54:31
5032737756_170157390159_843179263908,170157390159,21943954018,5032737756,eagle diaries bangalore,EXACT,ENABLED,,,,,,,,,APPROVED,RARELY_SERVED,0,,2025-09-15 16:54:31
5032737756_170157390159_854659710670,170157390159,21943954018,5032737756,new year diary wholesale,EXACT,ENABLED,,,,,,,,,APPROVED,RARELY_SERVED,0,,2025-09-15 16:54:31
5032737756_170157390159_1078650910539,170157390159,21943954018,5032737756,best diary manufacturers in india,EXACT,ENABLED,,,,,,,,,APPROVED,ELIGIBLE,0,,2025-09-15 16:54:31
5032737756_170157390159_1187521623326,170157390159,21943954018,5032737756,new year diary manufacturers in bangalore,EXACT,ENABLED,,,,,,,,,APPROVED,ELIGIBLE,0,,2025-09-15 16:54:31
5032737756_170157390159_1453144296364,170157390159,21943954018,5032737756,customized diary with logo,EXACT,ENABLED,,,,,,,,,APPROVED,ELIGIBLE,0,,2025-09-15 16:54:31
5032737756_170157390159_1461542539824,170157390159,21943954018,5032737756,New Year Diaries,EXACT,ENABLED,,,,,,,,,APPROVED,ELIGIBLE,0,,2025-09-15 16:54:31
5032737756_170157390159_2374958499246,170157390159,21943954018,5032737756,Best new year diary manufacturers in bangalore,EXACT,ENABLED,,,,,,,,,APPROVED,RARELY_SERVED,0,,2025-09-15 16:54:31
5032737756_170157390159_2374958499286,170157390159,21943954018,5032737756,Best diary manufacturers,EXACT,ENABLED,,,,,,,,,APPROVED,ELIGIBLE,0,,2025-09-15 16:54:31
5032737756_170157390159_2374958499326,170157390159,21943954018,5032737756,Best diary manufacturers in india,EXACT,ENABLED,,,,,,,,,APPROVED,ELIGIBLE,0,,2025-09-15 16:54:31
5032737756_170157390159_2374958499486,170157390159,21943954018,5032737756,premium diaries 2025,EXACT,ENABLED,,,,,,,,,APPROVED,RARELY_SERVED,0,,2025-09-15 16:54:31
5032737756_170157390159_2374958499526,170157390159,21943954018,5032737756,Executive Diary 2025,EXACT,ENABLED,,,,,,,,,APPROVED,ELIGIBLE,0,,2025-09-15 16:54:31
5032737756_170157390159_2374958499566,170157390159,21943954018,5032737756,new year diary wholesale 2025,EXACT,ENABLED,,,,,,,,,APPROVED,RARELY_SERVED,0,,2025-09-15 16:54:31
5032737756_170157390159_2374958499726,170157390159,21943954018,5032737756,2025 Diary 365 days,EXACT,ENABLED,,,,,,,,,APPROVED,ELIGIBLE,0,,2025-09-15 16:54:31
5032737756_170157390159_2374958499766,170157390159,21943954018,5032737756,buy corporate gifts wholesale,EXACT,ENABLED,,,,,,,,,APPROVED,RARELY_SERVED,0,,2025-09-15 16:54:31
5032737756_170157390159_2374958499806,170157390159,21943954018,5032737756,Corporate Gifts in Bengaluru,EXACT,ENABLED,,,,,,,,,APPROVED,ELIGIBLE,0,,2025-09-15 16:54:31
5032737756_170157390159_2374958499966,170157390159,21943954018,5032737756,Buy corporate gifts wholesale near me,EXACT,ENABLED,,,,,,,,,APPROVED,RARELY_SERVED,0,,2025-09-15 16:54:31
5032737756_170157390159_2374958500006,170157390159,21943954018,5032737756,Top 10 corporate gifting companies in Bangalore,EXACT,ENABLED,,,,,,,,,APPROVED,ELIGIBLE,0,,2025-09-15 16:54:31
5032737756_170157390159_2376618687528,170157390159,21943954018,5032737756,Undated Diaries,EXACT,ENABLED,,,,,,,,,APPROVED,ELIGIBLE,0,,2025-09-15 16:54:31
5032737756_170157390159_2376618687808,170157390159,21943954018,5032737756,Wholesale Diary Supplier,EXACT,ENABLED,,,,,,,,,APPROVED,RARELY_SERVED,0,,2025-09-15 16:54:31
5032737756_170157390159_2376618687968,170157390159,21943954018,5032737756,Corporate Gifts Bangalore,EXACT,ENABLED,,,,,,,,,APPROVED,ELIGIBLE,0,,2025-09-15 16:54:31
5032737756_170157390159_2376618689008,170157390159,21943954018,5032737756,buy diaries bulk,EXACT,ENABLED,,,,,,,,,APPROVED,RARELY_SERVED,0,,2025-09-15 16:54:31
5032737756_170157390159_2379839687711,170157390159,21943954018,5032737756,Eagle Diaries,EXACT,ENABLED,,,,,,,,,APPROVED,ELIGIBLE,0,,2025-09-15 16:54:31
5032737756_170157390159_2383775696156,170157390159,21943954018,5032737756,Eagle Diaires,PHRASE,ENABLED,,,,,,,,,APPROVED,RARELY_SERVED,0,,2025-09-15 16:54:31
5032737756_170157390159_2407180401324,170157390159,21943954018,5032737756,Diaries 2025,EXACT,ENABLED,,,,,,,,,APPROVED,ELIGIBLE,0,,2025-09-15 16:54:31
5032737756_171948585058_12929821,171948585058,21933549252,5032737756,notebooks,EXACT,PAUSED,,,,,,,,,APPROVED,ELIGIBLE,0,,2025-09-15 16:54:31
5032737756_171948585058_18118756,171948585058,21933549252,5032737756,journal,EXACT,PAUSED,,,,,,,,,APPROVED,ELIGIBLE,0,,2025-09-15 16:54:31
5032737756_171948585058_338950320421,171948585058,21933549252,5032737756,top 10 corporate gifting companies in bangalore,EXACT,ENABLED,,,,,,,,,APPROVED,ELIGIBLE,0,,2025-09-15 16:54:31
5032737756_171948585058_423562727418,171948585058,21933549252,5032737756,premium diaries,EXACT,ENABLED,,,,,,,,,APPROVED,ELIGIBLE,0,,2025-09-15 16:54:31
5032737756_171948585058_854659710670,171948585058,21933549252,5032737756,new year diary wholesale,EXACT,ENABLED,,,,,,,,,APPROVED,RARELY_SERVED,0,,2025-09-15 16:54:31
5032737756_171948585058_1078650910539,171948585058,21933549252,5032737756,best diary manufacturers in india,EXACT,ENABLED,,,,,,,,,APPROVED,ELIGIBLE,0,,2025-09-15 16:54:31
5032737756_171948585058_1187521623326,171948585058,21933549252,5032737756,new year diary manufacturers in bangalore,EXACT,ENABLED,,,,,,,,,APPROVED,ELIGIBLE,0,,2025-09-15 16:54:31
5032737756_171948585058_1453144296364,171948585058,21933549252,5032737756,customized diary with logo,EXACT,ENABLED,,,,,,,,,APPROVED,ELIGIBLE,0,,2025-09-15 16:54:31
5032737756_171948585058_1461542539824,171948585058,21933549252,5032737756,New Year Diaries,EXACT,ENABLED,,,,,,,,,APPROVED,ELIGIBLE,0,,2025-09-15 16:54:31
5032737756_171948585058_2374958499246,171948585058,21933549252,5032737756,Best new year diary manufacturers in bangalore,EXACT,ENABLED,,,,,,,,,APPROVED,RARELY_SERVED,0,,2025-09-15 16:54:31
5032737756_171948585058_2374958499286,171948585058,21933549252,5032737756,Best diary manufacturers,EXACT,ENABLED,,,,,,,,,APPROVED,ELIGIBLE,0,,2025-09-15 16:54:31
5032737756_171948585058_2374958499326,171948585058,21933549252,5032737756,Best diary manufacturers in india,EXACT,ENABLED,,,,,,,,,APPROVED,ELIGIBLE,0,,2025-09-15 16:54:31
5032737756_171948585058_2374958499486,171948585058,21933549252,5032737756,premium diaries 2025,EXACT,ENABLED,,,,,,,,,APPROVED,RARELY_SERVED,0,,2025-09-15 16:54:31
5032737756_171948585058_2374958499526,171948585058,21933549252,5032737756,Executive Diary 2025,EXACT,ENABLED,,,,,,,,,APPROVED,ELIGIBLE,0,,2025-09-15 16:54:31
5032737756_171948585058_2374958499566,171948585058,21933549252,5032737756,new year diary wholesale 2025,EXACT,ENABLED,,,,,,,,,APPROVED,RARELY_SERVED,0,,2025-09-15 16:54:31
5032737756_171948585058_2374958499726,171948585058,21933549252,5032737756,2025 Diary 365 days,EXACT,ENABLED,,,,,,,,,APPROVED,ELIGIBLE,0,,2025-09-15 16:54:31
5032737756_171948585058_2374958499766,171948585058,21933549252,5032737756,buy corporate gifts wholesale,EXACT,ENABLED,,,,,,,,,APPROVED,RARELY_SERVED,0,,2025-09-15 16:54:31
5032737756_171948585058_2374958499806,171948585058,21933549252,5032737756,Corporate Gifts in Bengaluru,EXACT,ENABLED,,,,,,,,,APPROVED,ELIGIBLE,0,,2025-09-15 16:54:31
5032737756_171948585058_2374958499966,171948585058,21933549252,5032737756,Buy corporate gifts wholesale near me,EXACT,ENABLED,,,,,,,,,APPROVED,RARELY_SERVED,0,,2025-09-15 16:54:31
5032737756_171948585058_2374958500006,171948585058,21933549252,5032737756,Top 10 corporate gifting companies in Bangalore,EXACT,ENABLED,,,,,,,,,APPROVED,ELIGIBLE,0,,2025-09-15 16:54:31
5032737756_171948585058_2376618687528,171948585058,21933549252,5032737756,Undated Diaries,EXACT,ENABLED,,,,,,,,,APPROVED,ELIGIBLE,0,,2025-09-15 16:54:31
5032737756_171948585058_2376618687768,171948585058,21933549252,5032737756,Eagle Diaires,EXACT,ENABLED,,,,,,,,,APPROVED,RARELY_SERVED,0,,2025-09-15 16:54:31
5032737756_171948585058_2376618687808,171948585058,21933549252,5032737756,Wholesale Diary Supplier,EXACT,ENABLED,,,,,,,,,APPROVED,RARELY_SERVED,0,,2025-09-15 16:54:31
5032737756_171948585058_2376618687968,171948585058,21933549252,5032737756,Corporate Gifts Bangalore,EXACT,ENABLED,,,,,,,,,APPROVED,ELIGIBLE,0,,2025-09-15 16:54:31
5032737756_171948585058_2376618689008,171948585058,21933549252,5032737756,buy diaries bulk,EXACT,ENABLED,,,,,,,,,APPROVED,RARELY_SERVED,0,,2025-09-15 16:54:31
5032737756_172244924084_12929821,172244924084,21919130765,5032737756,notebooks,EXACT,PAUSED,,,,,,,,,APPROVED,ELIGIBLE,0,,2025-09-15 16:54:31
5032737756_172244924084_18118756,172244924084,21919130765,5032737756,journal,EXACT,PAUSED,,,,,,,,,APPROVED,ELIGIBLE,0,,2025-09-15 16:54:31
5032737756_172244924084_338950320421,172244924084,21919130765,5032737756,top 10 corporate gifting companies in bangalore,EXACT,ENABLED,,,,,,,,,APPROVED,ELIGIBLE,0,,2025-09-15 16:54:31
5032737756_172244924084_423562727418,172244924084,21919130765,5032737756,premium diaries,EXACT,ENABLED,,,,,,,,,APPROVED,ELIGIBLE,0,,2025-09-15 16:54:31
5032737756_172244924084_854659710670,172244924084,21919130765,5032737756,new year diary wholesale,EXACT,ENABLED,,,,,,,,,APPROVED,RARELY_SERVED,0,,2025-09-15 16:54:31
5032737756_172244924084_1078650910539,172244924084,21919130765,5032737756,best diary manufacturers in india,EXACT,ENABLED,,,,,,,,,APPROVED,ELIGIBLE,0,,2025-09-15 16:54:31
5032737756_172244924084_1187521623326,172244924084,21919130765,5032737756,new year diary manufacturers in bangalore,EXACT,ENABLED,,,,,,,,,APPROVED,ELIGIBLE,0,,2025-09-15 16:54:31
5032737756_172244924084_1453144296364,172244924084,21919130765,5032737756,customized diary with logo,EXACT,ENABLED,,,,,,,,,APPROVED,ELIGIBLE,0,,2025-09-15 16:54:31
5032737756_172244924084_1461542539824,172244924084,21919130765,5032737756,New Year Diaries,EXACT,ENABLED,,,,,,,,,APPROVED,ELIGIBLE,0,,2025-09-15 16:54:31
5032737756_172244924084_2374958499246,172244924084,21919130765,5032737756,Best new year diary manufacturers in bangalore,EXACT,ENABLED,,,,,,,,,APPROVED,RARELY_SERVED,0,,2025-09-15 16:54:31
5032737756_172244924084_2374958499286,172244924084,21919130765,5032737756,Best diary manufacturers,EXACT,ENABLED,,,,,,,,,APPROVED,ELIGIBLE,0,,2025-09-15 16:54:31
5032737756_172244924084_2374958499326,172244924084,21919130765,5032737756,Best diary manufacturers in india,EXACT,ENABLED,,,,,,,,,APPROVED,ELIGIBLE,0,,2025-09-15 16:54:31
5032737756_172244924084_2374958499486,172244924084,21919130765,5032737756,premium diaries 2025,EXACT,ENABLED,,,,,,,,,APPROVED,RARELY_SERVED,0,,2025-09-15 16:54:31
5032737756_172244924084_2374958499526,172244924084,21919130765,5032737756,Executive Diary 2025,EXACT,ENABLED,,,,,,,,,APPROVED,ELIGIBLE,0,,2025-09-15 16:54:31
5032737756_172244924084_2374958499566,172244924084,21919130765,5032737756,new year diary wholesale 2025,EXACT,ENABLED,,,,,,,,,APPROVED,RARELY_SERVED,0,,2025-09-15 16:54:31
5032737756_172244924084_2374958499726,172244924084,21919130765,5032737756,2025 Diary 365 days,EXACT,ENABLED,,,,,,,,,APPROVED,ELIGIBLE,0,,2025-09-15 16:54:31
5032737756_172244924084_2374958499766,172244924084,21919130765,5032737756,buy corporate gifts wholesale,EXACT,ENABLED,,,,,,,,,APPROVED,RARELY_SERVED,0,,2025-09-15 16:54:31
5032737756_172244924084_2374958499806,172244924084,21919130765,5032737756,Corporate Gifts in Bengaluru,EXACT,ENABLED,,,,,,,,,APPROVED,ELIGIBLE,0,,2025-09-15 16:54:31
5032737756_172244924084_2374958499966,172244924084,21919130765,5032737756,Buy corporate gifts wholesale near me,EXACT,ENABLED,,,,,,,,,APPROVED,RARELY_SERVED,0,,2025-09-15 16:54:31
5032737756_172244924084_2374958500006,172244924084,21919130765,5032737756,Top 10 corporate gifting companies in Bangalore,EXACT,ENABLED,,,,,,,,,APPROVED,ELIGIBLE,0,,2025-09-15 16:54:31
5032737756_172244924084_2376618687528,172244924084,21919130765,5032737756,Undated Diaries,EXACT,ENABLED,,,,,,,,,APPROVED,ELIGIBLE,0,,2025-09-15 16:54:31
5032737756_172244924084_2376618687768,172244924084,21919130765,5032737756,Eagle Diaires,EXACT,ENABLED,,,,,,,,,APPROVED,RARELY_SERVED,0,,2025-09-15 16:54:31
5032737756_172244924084_2376618687808,172244924084,21919130765,5032737756,Wholesale Diary Supplier,EXACT,ENABLED,,,,,,,,,APPROVED,RARELY_SERVED,0,,2025-09-15 16:54:31
5032737756_172244924084_2376618687968,172244924084,21919130765,5032737756,Corporate Gifts Bangalore,EXACT,ENABLED,,,,,,,,,APPROVED,ELIGIBLE,0,,2025-09-15 16:54:31
5032737756_172244924084_2376618689008,172244924084,21919130765,5032737756,buy diaries bulk,EXACT,ENABLED,,,,,,,,,APPROVED,RARELY_SERVED,0,,2025-09-15 16:54:31
5032737756_173997361914_12679810,173997361914,21933538500,5032737756,custom journals,EXACT,ENABLED,,,,,,,,,APPROVED,ELIGIBLE,0,,2025-09-15 16:54:31
5032737756_173997361914_22139570,173997361914,21933538500,5032737756,leather journal,EXACT,ENABLED,,,,,,,,,APPROVED,ELIGIBLE,0,,2025-09-15 16:54:31
5032737756_173997361914_28597246,173997361914,21933538500,5032737756,leather notebook,EXACT,ENABLED,,,,,,,,,APPROVED,ELIGIBLE,0,,2025-09-15 16:54:31
5032737756_173997361914_52368766,173997361914,21933538500,5032737756,custom notebooks,EXACT,ENABLED,,,,,,,,,APPROVED,ELIGIBLE,0,,2025-09-15 16:54:31
5032737756_173997361914_155210364,173997361914,21933538500,5032737756,personalized journal,EXACT,ENABLED,,,,,,,,,APPROVED,ELIGIBLE,0,,2025-09-15 16:54:31
5032737756_173997361914_155210564,173997361914,21933538500,5032737756,personalized notebooks,EXACT,ENABLED,,,,,,,,,APPROVED,ELIGIBLE,0,,2025-09-15 16:54:31
5032737756_173997361914_256633339,173997361914,21933538500,5032737756,small diary,EXACT,ENABLED,,,,,,,,,APPROVED,ELIGIBLE,0,,2025-09-15 16:54:31
5032737756_173997361914_293729244,173997361914,21933538500,5032737756,personalised diary,EXACT,ENABLED,,,,,,,,,APPROVED,ELIGIBLE,0,,2025-09-15 16:54:31
5032737756_173997361914_539501163,173997361914,21933538500,5032737756,custom diary,EXACT,ENABLED,,,,,,,,,APPROVED,ELIGIBLE,0,,2025-09-15 16:54:31
5032737756_173997361914_662068399,173997361914,21933538500,5032737756,custom spiral notebooks,EXACT,ENABLED,,,,,,,,,APPROVED,ELIGIBLE,0,,2025-09-15 16:54:31
5032737756_173997361914_805950352,173997361914,21933538500,5032737756,luxury notebooks,EXACT,ENABLED,,,,,,,,,APPROVED,ELIGIBLE,0,,2025-09-15 16:54:31
5032737756_173997361914_821841703,173997361914,21933538500,5032737756,refillable leather journal,EXACT,ENABLED,,,,,,,,,APPROVED,ELIGIBLE,0,,2025-09-15 16:54:31
5032737756_173997361914_915486695,173997361914,21933538500,5032737756,personalised notebooks,EXACT,ENABLED,,,,,,,,,APPROVED,ELIGIBLE,0,,2025-09-15 16:54:31
5032737756_173997361914_1039586413,173997361914,21933538500,5032737756,personalized leather journal,EXACT,ENABLED,,,,,,,,,APPROVED,ELIGIBLE,0,,2025-09-15 16:54:31
5032737756_173997361914_1683688110,173997361914,21933538500,5032737756,spiral bound notebooks,EXACT,ENABLED,,,,,,,,,APPROVED,ELIGIBLE,0,,2025-09-15 16:54:31
5032737756_173997361914_4962015953,173997361914,21933538500,5032737756,cute notebooks,EXACT,ENABLED,,,,,,,,,APPROVED,ELIGIBLE,0,,2025-09-15 16:54:31
5032737756_173997361914_5002337205,173997361914,21933538500,5032737756,refillable notebook,EXACT,ENABLED,,,,,,,,,APPROVED,ELIGIBLE,0,,2025-09-15 16:54:31
5032737756_173997361914_5224353114,173997361914,21933538500,5032737756,custom printed notebooks,EXACT,ENABLED,,,,,,,,,APPROVED,ELIGIBLE,0,,2025-09-15 16:54:31
5032737756_173997361914_7500702986,173997361914,21933538500,5032737756,personalised leather notebook,EXACT,ENABLED,,,,,,,,,APPROVED,ELIGIBLE,0,,2025-09-15 16:54:31
5032737756_173997361914_22637334793,173997361914,21933538500,5032737756,dotted journal,EXACT,ENABLED,,,,,,,,,APPROVED,ELIGIBLE,0,,2025-09-15 16:54:31
5032737756_173997361914_23512883716,173997361914,21933538500,5032737756,leuchtturm notebook,EXACT,ENABLED,,,,,,,,,APPROVED,ELIGIBLE,0,,2025-09-15 16:54:31
5032737756_173997361914_25674481579,173997361914,21933538500,5032737756,custom notebooks with logo,EXACT,ENABLED,,,,,,,,,APPROVED,ELIGIBLE,0,,2025-09-15 16:54:31
5032737756_173997361914_28609069158,173997361914,21933538500,5032737756,dotted notebook,EXACT,ENABLED,,,,,,,,,APPROVED,ELIGIBLE,0,,2025-09-15 16:54:31
5032737756_173997361914_49653217226,173997361914,21933538500,5032737756,custom journals with logo,EXACT,ENABLED,,,,,,,,,APPROVED,ELIGIBLE,0,,2025-09-15 16:54:31
5032737756_173997361914_58307339899,173997361914,21933538500,5032737756,luxurious journals,EXACT,ENABLED,,,,,,,,,APPROVED,ELIGIBLE,0,,2025-09-15 16:54:31
5032737756_173997361914_91622679299,173997361914,21933538500,5032737756,personalized journals bulk,EXACT,ENABLED,,,,,,,,,APPROVED,ELIGIBLE,0,,2025-09-15 16:54:31
5032737756_173997361914_295750139906,173997361914,21933538500,5032737756,journal notebook,EXACT,ENABLED,,,,,,,,,APPROVED,ELIGIBLE,0,,2025-09-15 16:54:31
5032737756_173997361914_297097901645,173997361914,21933538500,5032737756,small note books,EXACT,ENABLED,,,,,,,,,APPROVED,ELIGIBLE,0,,2025-09-15 16:54:31
5032737756_173997361914_297936604463,173997361914,21933538500,5032737756,grid notebook,EXACT,ENABLED,,,,,,,,,APPROVED,ELIGIBLE,0,,2025-09-15 16:54:31
5032737756_173997361914_299762022379,173997361914,21933538500,5032737756,diary notebook,EXACT,ENABLED,,,,,,,,,APPROVED,ELIGIBLE,0,,2025-09-15 16:54:31
5032737756_173997361914_300226719814,173997361914,21933538500,5032737756,journaling notebook,EXACT,ENABLED,,,,,,,,,APPROVED,ELIGIBLE,0,,2025-09-15 16:54:31
5032737756_173997361914_300269665581,173997361914,21933538500,5032737756,journal cover,EXACT,ENABLED,,,,,,,,,APPROVED,ELIGIBLE,0,,2025-09-15 16:54:31
5032737756_173997361914_301324927801,173997361914,21933538500,5032737756,dot graph notebook,EXACT,ENABLED,,,,,,,,,APPROVED,ELIGIBLE,0,,2025-09-15 16:54:31
5032737756_173997361914_305845485813,173997361914,21933538500,5032737756,diary and notebook,EXACT,ENABLED,,,,,,,,,APPROVED,ELIGIBLE,0,,2025-09-15 16:54:31
5032737756_173997361914_306207798906,173997361914,21933538500,5032737756,journal with lock and key,EXACT,ENABLED,,,,,,,,,APPROVED,ELIGIBLE,0,,2025-09-15 16:54:31
5032737756_173997361914_307635404143,173997361914,21933538500,5032737756,notebooks and journals,EXACT,ENABLED,,,,,,,,,APPROVED,ELIGIBLE,0,,2025-09-15 16:54:31
5032737756_173997361914_308978459498,173997361914,21933538500,5032737756,diaries with lock and key,EXACT,ENABLED,,,,,,,,,APPROVED,ELIGIBLE,0,,2025-09-15 16:54:31
5032737756_173997361914_310375403904,173997361914,21933538500,5032737756,notebook with cover,EXACT,ENABLED,,,,,,,,,APPROVED,ELIGIBLE,0,,2025-09-15 16:54:31
5032737756_173997361914_310672395738,173997361914,21933538500,5032737756,journals for journaling,EXACT,ENABLED,,,,,,,,,APPROVED,ELIGIBLE,0,,2025-09-15 16:54:31
5032737756_173997361914_317829043118,173997361914,21933538500,5032737756,buy diaries online,EXACT,ENABLED,,,,,,,,,APPROVED,ELIGIBLE,0,,2025-09-15 16:54:31
5032737756_173997361914_324366822189,173997361914,21933538500,5032737756,rough notebooks,EXACT,ENABLED,,,,,,,,,APPROVED,ELIGIBLE,0,,2025-09-15 16:54:31
5032737756_173997361914_327879940513,173997361914,21933538500,5032737756,personalized notebooks with logo,EXACT,ENABLED,,,,,,,,,APPROVED,ELIGIBLE,0,,2025-09-15 16:54:31
5032737756_173997361914_330340511695,173997361914,21933538500,5032737756,personalized diary with lock,EXACT,ENABLED,,,,,,,,,APPROVED,ELIGIBLE,0,,2025-09-15 16:54:31
5032737756_173997361914_339768283101,173997361914,21933538500,5032737756,100 pages notebook price,EXACT,ENABLED,,,,,,,,,APPROVED,ELIGIBLE,0,,2025-09-15 16:54:31
5032737756_173997361914_392383528302,173997361914,21933538500,5032737756,100 pages notebook,EXACT,ENABLED,,,,,,,,,APPROVED,ELIGIBLE,0,,2025-09-15 16:54:31
5032737756_173997361914_443778384655,173997361914,21933538500,5032737756,paper grid notebook,EXACT,ENABLED,,,,,,,,,APPROVED,ELIGIBLE,0,,2025-09-15 16:54:31
5032737756_173997361914_488400463632,173997361914,21933538500,5032737756,blank notebook,EXACT,ENABLED,,,,,,,,,APPROVED,ELIGIBLE,0,,2025-09-15 16:54:31
5032737756_173997361914_818631259098,173997361914,21933538500,5032737756,classmate custom notebook,EXACT,ENABLED,,,,,,,,,APPROVED,ELIGIBLE,0,,2025-09-15 16:54:31
5032737756_173997361914_1324824988926,173997361914,21933538500,5032737756,note books near me,EXACT,ENABLED,,,,,,,,,APPROVED,ELIGIBLE,0,,2025-09-15 16:54:31
5032737756_173997361914_1493092586388,173997361914,21933538500,5032737756,personal diary books,EXACT,ENABLED,,,,,,,,,APPROVED,ELIGIBLE,0,,2025-09-15 16:54:31
5032737756_176641496091_12679810,176641496091,21943942228,5032737756,custom journals,EXACT,ENABLED,,,,,,,,,APPROVED,ELIGIBLE,0,,2025-09-15 16:54:31
5032737756_176641496091_22139570,176641496091,21943942228,5032737756,leather journal,EXACT,ENABLED,,,,,,,,,APPROVED,ELIGIBLE,0,,2025-09-15 16:54:31
5032737756_176641496091_28597246,176641496091,21943942228,5032737756,leather notebook,EXACT,ENABLED,,,,,,,,,APPROVED,ELIGIBLE,0,,2025-09-15 16:54:31
5032737756_176641496091_52368766,176641496091,21943942228,5032737756,custom notebooks,EXACT,ENABLED,,,,,,,,,APPROVED,ELIGIBLE,0,,2025-09-15 16:54:31
5032737756_176641496091_155210364,176641496091,21943942228,5032737756,personalized journal,EXACT,ENABLED,,,,,,,,,APPROVED,ELIGIBLE,0,,2025-09-15 16:54:31
5032737756_176641496091_155210564,176641496091,21943942228,5032737756,personalized notebooks,EXACT,ENABLED,,,,,,,,,APPROVED,ELIGIBLE,0,,2025-09-15 16:54:31
5032737756_176641496091_256633339,176641496091,21943942228,5032737756,small diary,EXACT,ENABLED,,,,,,,,,APPROVED,ELIGIBLE,0,,2025-09-15 16:54:31
5032737756_176641496091_293729244,176641496091,21943942228,5032737756,personalised diary,EXACT,ENABLED,,,,,,,,,APPROVED,ELIGIBLE,0,,2025-09-15 16:54:31
5032737756_176641496091_539501163,176641496091,21943942228,5032737756,custom diary,EXACT,ENABLED,,,,,,,,,APPROVED,ELIGIBLE,0,,2025-09-15 16:54:31
5032737756_176641496091_662068399,176641496091,21943942228,5032737756,custom spiral notebooks,EXACT,ENABLED,,,,,,,,,APPROVED,ELIGIBLE,0,,2025-09-15 16:54:31
5032737756_176641496091_805950352,176641496091,21943942228,5032737756,luxury notebooks,EXACT,ENABLED,,,,,,,,,APPROVED,ELIGIBLE,0,,2025-09-15 16:54:31
5032737756_176641496091_821841703,176641496091,21943942228,5032737756,refillable leather journal,EXACT,ENABLED,,,,,,,,,APPROVED,ELIGIBLE,0,,2025-09-15 16:54:31
5032737756_176641496091_915486695,176641496091,21943942228,5032737756,personalised notebooks,EXACT,ENABLED,,,,,,,,,APPROVED,ELIGIBLE,0,,2025-09-15 16:54:31
5032737756_176641496091_1039586413,176641496091,21943942228,5032737756,personalized leather journal,EXACT,ENABLED,,,,,,,,,APPROVED,ELIGIBLE,0,,2025-09-15 16:54:31
5032737756_176641496091_1683688110,176641496091,21943942228,5032737756,spiral bound notebooks,EXACT,ENABLED,,,,,,,,,APPROVED,ELIGIBLE,0,,2025-09-15 16:54:31
5032737756_176641496091_4962015953,176641496091,21943942228,5032737756,cute notebooks,EXACT,ENABLED,,,,,,,,,APPROVED,ELIGIBLE,0,,2025-09-15 16:54:31
5032737756_176641496091_5002337205,176641496091,21943942228,5032737756,refillable notebook,EXACT,ENABLED,,,,,,,,,APPROVED,ELIGIBLE,0,,2025-09-15 16:54:31
5032737756_176641496091_5224353114,176641496091,21943942228,5032737756,custom printed notebooks,EXACT,ENABLED,,,,,,,,,APPROVED,ELIGIBLE,0,,2025-09-15 16:54:31
5032737756_176641496091_7500702986,176641496091,21943942228,5032737756,personalised leather notebook,EXACT,ENABLED,,,,,,,,,APPROVED,ELIGIBLE,0,,2025-09-15 16:54:31
5032737756_176641496091_22637334793,176641496091,21943942228,5032737756,dotted journal,EXACT,ENABLED,,,,,,,,,APPROVED,ELIGIBLE,0,,2025-09-15 16:54:31
5032737756_176641496091_23512883716,176641496091,21943942228,5032737756,leuchtturm notebook,EXACT,ENABLED,,,,,,,,,APPROVED,ELIGIBLE,0,,2025-09-15 16:54:31
5032737756_176641496091_25674481579,176641496091,21943942228,5032737756,custom notebooks with logo,EXACT,ENABLED,,,,,,,,,APPROVED,ELIGIBLE,0,,2025-09-15 16:54:31
5032737756_176641496091_28609069158,176641496091,21943942228,5032737756,dotted notebook,EXACT,ENABLED,,,,,,,,,APPROVED,ELIGIBLE,0,,2025-09-15 16:54:31
5032737756_176641496091_49653217226,176641496091,21943942228,5032737756,custom journals with logo,EXACT,ENABLED,,,,,,,,,APPROVED,ELIGIBLE,0,,2025-09-15 16:54:31
5032737756_176641496091_58307339899,176641496091,21943942228,5032737756,luxurious journals,EXACT,ENABLED,,,,,,,,,APPROVED,ELIGIBLE,0,,2025-09-15 16:54:31
5032737756_176641496091_91622679299,176641496091,21943942228,5032737756,personalized journals bulk,EXACT,ENABLED,,,,,,,,,APPROVED,ELIGIBLE,0,,2025-09-15 16:54:31
5032737756_176641496091_295750139906,176641496091,21943942228,5032737756,journal notebook,EXACT,ENABLED,,,,,,,,,APPROVED,ELIGIBLE,0,,2025-09-15 16:54:31
5032737756_176641496091_297097901645,176641496091,21943942228,5032737756,small note books,EXACT,ENABLED,,,,,,,,,APPROVED,ELIGIBLE,0,,2025-09-15 16:54:31
5032737756_176641496091_297936604463,176641496091,21943942228,5032737756,grid notebook,EXACT,ENABLED,,,,,,,,,APPROVED,ELIGIBLE,0,,2025-09-15 16:54:31
5032737756_176641496091_299762022379,176641496091,21943942228,5032737756,diary notebook,EXACT,ENABLED,,,,,,,,,APPROVED,ELIGIBLE,0,,2025-09-15 16:54:31
5032737756_176641496091_300226719814,176641496091,21943942228,5032737756,journaling notebook,EXACT,ENABLED,,,,,,,,,APPROVED,ELIGIBLE,0,,2025-09-15 16:54:31
5032737756_176641496091_300269665581,176641496091,21943942228,5032737756,journal cover,EXACT,ENABLED,,,,,,,,,APPROVED,ELIGIBLE,0,,2025-09-15 16:54:31
5032737756_176641496091_301324927801,176641496091,21943942228,5032737756,dot graph notebook,EXACT,ENABLED,,,,,,,,,APPROVED,ELIGIBLE,0,,2025-09-15 16:54:31
5032737756_176641496091_305845485813,176641496091,21943942228,5032737756,diary and notebook,EXACT,ENABLED,,,,,,,,,APPROVED,ELIGIBLE,0,,2025-09-15 16:54:31
5032737756_176641496091_306207798906,176641496091,21943942228,5032737756,journal with lock and key,EXACT,ENABLED,,,,,,,,,APPROVED,ELIGIBLE,0,,2025-09-15 16:54:31
5032737756_176641496091_307635404143,176641496091,21943942228,5032737756,notebooks and journals,EXACT,ENABLED,,,,,,,,,APPROVED,ELIGIBLE,0,,2025-09-15 16:54:31
5032737756_176641496091_308978459498,176641496091,21943942228,5032737756,diaries with lock and key,EXACT,ENABLED,,,,,,,,,APPROVED,ELIGIBLE,0,,2025-09-15 16:54:31
5032737756_176641496091_310375403904,176641496091,21943942228,5032737756,notebook with cover,EXACT,ENABLED,,,,,,,,,APPROVED,ELIGIBLE,0,,2025-09-15 16:54:31
5032737756_176641496091_310672395738,176641496091,21943942228,5032737756,journals for journaling,EXACT,ENABLED,,,,,,,,,APPROVED,ELIGIBLE,0,,2025-09-15 16:54:31
5032737756_176641496091_317829043118,176641496091,21943942228,5032737756,buy diaries online,EXACT,ENABLED,,,,,,,,,APPROVED,ELIGIBLE,0,,2025-09-15 16:54:31
5032737756_176641496091_324366822189,176641496091,21943942228,5032737756,rough notebooks,EXACT,ENABLED,,,,,,,,,APPROVED,ELIGIBLE,0,,2025-09-15 16:54:31
5032737756_176641496091_327879940513,176641496091,21943942228,5032737756,personalized notebooks with logo,EXACT,ENABLED,,,,,,,,,APPROVED,ELIGIBLE,0,,2025-09-15 16:54:31
5032737756_176641496091_330340511695,176641496091,21943942228,5032737756,personalized diary with lock,EXACT,ENABLED,,,,,,,,,APPROVED,ELIGIBLE,0,,2025-09-15 16:54:31
5032737756_176641496091_339768283101,176641496091,21943942228,5032737756,100 pages notebook price,EXACT,ENABLED,,,,,,,,,APPROVED,ELIGIBLE,0,,2025-09-15 16:54:31
5032737756_176641496091_392383528302,176641496091,21943942228,5032737756,100 pages notebook,EXACT,ENABLED,,,,,,,,,APPROVED,ELIGIBLE,0,,2025-09-15 16:54:31
5032737756_176641496091_443778384655,176641496091,21943942228,5032737756,paper grid notebook,EXACT,ENABLED,,,,,,,,,APPROVED,ELIGIBLE,0,,2025-09-15 16:54:31
5032737756_176641496091_488400463632,176641496091,21943942228,5032737756,blank notebook,EXACT,ENABLED,,,,,,,,,APPROVED,ELIGIBLE,0,,2025-09-15 16:54:31
5032737756_176641496091_818631259098,176641496091,21943942228,5032737756,classmate custom notebook,EXACT,ENABLED,,,,,,,,,APPROVED,ELIGIBLE,0,,2025-09-15 16:54:31
5032737756_176641496091_1324824988926,176641496091,21943942228,5032737756,note books near me,EXACT,ENABLED,,,,,,,,,APPROVED,ELIGIBLE,0,,2025-09-15 16:54:31
5032737756_176641496091_1493092586388,176641496091,21943942228,5032737756,personal diary books,EXACT,ENABLED,,,,,,,,,APPROVED,ELIGIBLE,0,,2025-09-15 16:54:31
7613138874_162487445880_194927876,162487445880,21115683529,7613138874,charitable donation tax deduction,PHRASE,ENABLED,,,,,,,,,APPROVED,ELIGIBLE,0,,2025-09-15 16:54:34
7613138874_162487445880_301668382,162487445880,21115683529,7613138874,charitable donation tax deduction,EXACT,ENABLED,,,,,,,,,APPROVED,ELIGIBLE,0,,2025-09-15 16:54:34
7613138874_162487445880_18899727849,162487445880,21115683529,7613138874,80g donation,EXACT,ENABLED,,,,,,,,,APPROVED,ELIGIBLE,0,,2025-09-15 16:54:34
7613138874_162487445880_30797980230,162487445880,21115683529,7613138874,donation under section 80g,EXACT,ENABLED,,,,,,,,,APPROVED,ELIGIBLE,0,,2025-09-15 16:54:34
7613138874_162487445880_298441101801,162487445880,21115683529,7613138874,boat donation tax deduction,PHRASE,PAUSED,,,,,,,,,APPROVED,ELIGIBLE,0,,2025-09-15 16:54:34
7613138874_162487445880_299821631499,162487445880,21115683529,7613138874,donation under 80g,EXACT,ENABLED,,,,,,,,,APPROVED,ELIGIBLE,0,,2025-09-15 16:54:34
7613138874_162487445880_300649335818,162487445880,21115683529,7613138874,Financial planning,BROAD,ENABLED,,,,,,,,,APPROVED,ELIGIBLE,0,,2025-09-15 16:54:34
7613138874_162487445880_300932386228,162487445880,21115683529,7613138874,80g donation,BROAD,ENABLED,,,,,,,,,APPROVED,ELIGIBLE,0,,2025-09-15 16:54:34
7613138874_162487445880_304595543473,162487445880,21115683529,7613138874,boat donation tax deduction,EXACT,ENABLED,,,,,,,,,APPROVED,ELIGIBLE,0,,2025-09-15 16:54:34
7613138874_162487445880_316967488786,162487445880,21115683529,7613138874,donation under 80g,PHRASE,ENABLED,,,,,,,,,APPROVED,ELIGIBLE,0,,2025-09-15 16:54:34
7613138874_162487445880_316967488946,162487445880,21115683529,7613138874,donation under section 80g,PHRASE,ENABLED,,,,,,,,,APPROVED,ELIGIBLE,0,,2025-09-15 16:54:34
7613138874_162487445880_321369181195,162487445880,21115683529,7613138874,ngo donation tax exemption,PHRASE,ENABLED,,,,,,,,,APPROVED,ELIGIBLE,0,,2025-09-15 16:54:34
7613138874_162487445880_328674881235,162487445880,21115683529,7613138874,donation to ngo tax exemption,PHRASE,ENABLED,,,,,,,,,APPROVED,ELIGIBLE,0,,2025-09-15 16:54:34
7613138874_162487445880_429993595914,162487445880,21115683529,7613138874,donation to ngo tax exemption,EXACT,ENABLED,,,,,,,,,APPROVED,ELIGIBLE,0,,2025-09-15 16:54:34
7613138874_162487445880_526980141592,162487445880,21115683529,7613138874,ngo donation tax exemption,EXACT,ENABLED,,,,,,,,,APPROVED,ELIGIBLE,0,,2025-09-15 16:54:34
7613138874_162487445880_872737565515,162487445880,21115683529,7613138874,donation to ngo under 80g,EXACT,ENABLED,,,,,,,,,APPROVED,ELIGIBLE,0,,2025-09-15 16:54:34
7613138874_162487445880_898593567298,162487445880,21115683529,7613138874,donation to ngo under 80g,PHRASE,ENABLED,,,,,,,,,APPROVED,ELIGIBLE,0,,2025-09-15 16:54:34
7613138874_162487445880_1042148276365,162487445880,21115683529,7613138874,tax benefit donations,EXACT,ENABLED,,,,,,,,,APPROVED,ELIGIBLE,0,,2025-09-15 16:54:34
7613138874_162487445880_1132993722421,162487445880,21115683529,7613138874,akshaya patra donation 80g,EXACT,ENABLED,,,,,,,,,APPROVED,ELIGIBLE,0,,2025-09-15 16:54:34
7613138874_162487445880_1393850685290,162487445880,21115683529,7613138874,akshaya patra donation 80g,PHRASE,ENABLED,,,,,,,,,APPROVED,ELIGIBLE,0,,2025-09-15 16:54:34
7613138874_162487445880_1688503857775,162487445880,21115683529,7613138874,donation to akshaya patra deduction,EXACT,ENABLED,,,,,,,,,APPROVED,ELIGIBLE,0,,2025-09-15 16:54:34
7613138874_162487445880_2013804225505,162487445880,21115683529,7613138874,donation to akshaya patra deduction,PHRASE,ENABLED,,,,,,,,,APPROVED,ELIGIBLE,0,,2025-09-15 16:54:34
7613138874_162487445880_2197952627229,162487445880,21115683529,7613138874,tax benefit donations,PHRASE,ENABLED,,,,,,,,,APPROVED,ELIGIBLE,0,,2025-09-15 16:54:34
7613138874_162487445880_2281451771267,162487445880,21115683529,7613138874,80g exemption donation,PHRASE,ENABLED,,,,,,,,,APPROVED,RARELY_SERVED,0,,2025-09-15 16:54:34
7613138874_162487445880_2281451771427,162487445880,21115683529,7613138874,income tax benefit on donation near me,PHRASE,ENABLED,,,,,,,,,APPROVED,RARELY_SERVED,0,,2025-09-15 16:54:34
7613138874_162487445880_2281451771467,162487445880,21115683529,7613138874,80g exemption donation,EXACT,ENABLED,,,,,,,,,APPROVED,RARELY_SERVED,0,,2025-09-15 16:54:34
7613138874_162487445880_2281451771507,162487445880,21115683529,7613138874,income tax benefit on donation near me,EXACT,ENABLED,,,,,,,,,APPROVED,RARELY_SERVED,0,,2025-09-15 16:54:34
7613138874_165627427401_19076761,165627427401,21259895430,7613138874,social service,BROAD,ENABLED,,,,,,,,,APPROVED,ELIGIBLE,0,,2025-09-15 16:54:34
7613138874_165627427401_115972183,165627427401,21259895430,7613138874,social service,PHRASE,ENABLED,,,,,,,,,APPROVED,ELIGIBLE,0,,2025-09-15 16:54:34
7613138874_165627427401_300859173772,165627427401,21259895430,7613138874,ngo in bangalore,BROAD,ENABLED,,,,,,,,,APPROVED,ELIGIBLE,0,,2025-09-15 16:54:34
7613138874_165627427401_308350209500,165627427401,21259895430,7613138874,rotaract,PHRASE,ENABLED,,,,,,,,,APPROVED,ELIGIBLE,0,,2025-09-15 16:54:34
7613138874_165627427401_334775773631,165627427401,21259895430,7613138874,forest preservation,PHRASE,ENABLED,,,,,,,,,APPROVED,ELIGIBLE,0,,2025-09-15 16:54:34
7613138874_165627427401_339535653526,165627427401,21259895430,7613138874,rotaract project ideas,PHRASE,ENABLED,,,,,,,,,APPROVED,ELIGIBLE,0,,2025-09-15 16:54:34
7613138874_165627427401_759845649072,165627427401,21259895430,7613138874,tribal ngo,PHRASE,ENABLED,,,,,,,,,APPROVED,ELIGIBLE,0,,2025-09-15 16:54:34
7613138874_165627427401_904351217481,165627427401,21259895430,7613138874,tribal support,PHRASE,ENABLED,,,,,,,,,APPROVED,ELIGIBLE,0,,2025-09-15 16:54:34
7613138874_165627427401_2263340098694,165627427401,21259895430,7613138874,tribal empowerment,PHRASE,ENABLED,,,,,,,,,APPROVED,ELIGIBLE,0,,2025-09-15 16:54:34
7613138874_165627427401_2299946082860,165627427401,21259895430,7613138874,education for tribals,PHRASE,ENABLED,,,,,,,,,APPROVED,ELIGIBLE,0,,2025-09-15 16:54:34
7613138874_165627427401_2300227000022,165627427401,21259895430,7613138874,Karnataka tribal development,PHRASE,ENABLED,,,,,,,,,APPROVED,RARELY_SERVED,0,,2025-09-15 16:54:34
7613138874_165627427401_2300618261707,165627427401,21259895430,7613138874,Karnataka tribal welfare,PHRASE,ENABLED,,,,,,,,,APPROVED,ELIGIBLE,0,,2025-09-15 16:54:34
7613138874_165627427401_2300641751166,165627427401,21259895430,7613138874,empower Karnataka tribes,PHRASE,ENABLED,,,,,,,,,APPROVED,RARELY_SERVED,0,,2025-09-15 16:54:34
7613138874_165627427401_2300756812696,165627427401,21259895430,7613138874,support forest preservation,PHRASE,ENABLED,,,,,,,,,APPROVED,RARELY_SERVED,0,,2025-09-15 16:54:34
7613138874_165627427401_2300828654769,165627427401,21259895430,7613138874,tribal healthcare Karnataka,PHRASE,ENABLED,,,,,,,,,APPROVED,RARELY_SERVED,0,,2025-09-15 16:54:34
7613138874_165627427401_2300974893002,165627427401,21259895430,7613138874,tribal livelihood Karnataka,PHRASE,ENABLED,,,,,,,,,APPROVED,RARELY_SERVED,0,,2025-09-15 16:54:34
7613138874_165627427401_2301020602723,165627427401,21259895430,7613138874,donate to tribals,PHRASE,ENABLED,,,,,,,,,APPROVED,RARELY_SERVED,0,,2025-09-15 16:54:34
7613138874_165627427401_2301123266626,165627427401,21259895430,7613138874,healthcare for tribes,PHRASE,ENABLED,,,,,,,,,APPROVED,RARELY_SERVED,0,,2025-09-15 16:54:34
7613138874_165627427401_2301123928026,165627427401,21259895430,7613138874,Karnataka tribes,PHRASE,ENABLED,,,,,,,,,APPROVED,ELIGIBLE,0,,2025-09-15 16:54:34
7613138874_165627427401_2301178003373,165627427401,21259895430,7613138874,Karnataka tribal conservation,PHRASE,ENABLED,,,,,,,,,APPROVED,RARELY_SERVED,0,,2025-09-15 16:54:34
7613138874_165627427401_2301288472734,165627427401,21259895430,7613138874,tribal forest connection,PHRASE,ENABLED,,,,,,,,,APPROVED,RARELY_SERVED,0,,2025-09-15 16:54:34
7613138874_165627427401_2301290457014,165627427401,21259895430,7613138874,donate for tribal heritage,BROAD,ENABLED,,,,,,,,,APPROVED,RARELY_SERVED,0,,2025-09-15 16:54:34
7613138874_165627427401_2301290457054,165627427401,21259895430,7613138874,donate for tribes,BROAD,ENABLED,,,,,,,,,APPROVED,RARELY_SERVED,0,,2025-09-15 16:54:34
7613138874_165627427401_2301670756559,165627427401,21259895430,7613138874,Karnataka tribes and forests,PHRASE,ENABLED,,,,,,,,,APPROVED,RARELY_SERVED,0,,2025-09-15 16:54:34
7613138874_165627427401_2302693105125,165627427401,21259895430,7613138874,tribal livelihoods,PHRASE,ENABLED,,,,,,,,,APPROVED,ELIGIBLE,0,,2025-09-15 16:54:34
7613138874_165627427401_2302913988868,165627427401,21259895430,7613138874,social service karnataka,PHRASE,ENABLED,,,,,,,,,APPROVED,RARELY_SERVED,0,,2025-09-15 16:54:34
7613138874_165627427401_2302973023640,165627427401,21259895430,7613138874,tribal livelihood support,PHRASE,ENABLED,,,,,,,,,APPROVED,RARELY_SERVED,0,,2025-09-15 16:54:34
7613138874_165627427401_2303110592116,165627427401,21259895430,7613138874,tribal conservation,PHRASE,ENABLED,,,,,,,,,APPROVED,ELIGIBLE,0,,2025-09-15 16:54:34
7613138874_165627427401_2303117910676,165627427401,21259895430,7613138874,support tribal education,PHRASE,ENABLED,,,,,,,,,APPROVED,RARELY_SERVED,0,,2025-09-15 16:54:34
7613138874_165627427401_2303420511574,165627427401,21259895430,7613138874,tribal welfare department karnataka,PHRASE,ENABLED,,,,,,,,,APPROVED,ELIGIBLE,0,,2025-09-15 16:54:34
7613138874_165627427401_2303482300275,165627427401,21259895430,7613138874,Vanavasi Kalyana donations,PHRASE,ENABLED,,,,,,,,,APPROVED,RARELY_SERVED,0,,2025-09-15 16:54:34
7613138874_165627427401_2303581773064,165627427401,21259895430,7613138874,karnataka tribes,BROAD,ENABLED,,,,,,,,,APPROVED,ELIGIBLE,0,,2025-09-15 16:54:34
7613138874_165627427401_2303625122078,165627427401,21259895430,7613138874,support tribal culture,PHRASE,ENABLED,,,,,,,,,APPROVED,RARELY_SERVED,0,,2025-09-15 16:54:34
7613138874_165627427401_2330576558844,165627427401,21259895430,7613138874,tribal welfare NGO,PHRASE,ENABLED,,,,,,,,,APPROVED,ELIGIBLE,0,,2025-09-15 16:54:34
7613138874_165627427401_2330581777404,165627427401,21259895430,7613138874,forest conservation NGO,PHRASE,ENABLED,,,,,,,,,APPROVED,ELIGIBLE,0,,2025-09-15 16:54:34
7613138874_165627427401_2369711345408,165627427401,21259895430,7613138874,tribal welfare department karnataka,EXACT,ENABLED,,,,,,,,,APPROVED,ELIGIBLE,0,,2025-09-15 16:54:34
7613138874_165627427401_2369711541768,165627427401,21259895430,7613138874,education of tribals in india,EXACT,ENABLED,,,,,,,,,APPROVED,ELIGIBLE,0,,2025-09-15 16:54:34
7613138874_165627427401_2369791332135,165627427401,21259895430,7613138874,tribal conservation,EXACT,ENABLED,,,,,,,,,APPROVED,ELIGIBLE,0,,2025-09-15 16:54:34
